{ "name" : "How To Sell Your Handmade Cards - Arts & Crafts Newsletter", "day" : "2016-03-31", "id" : 6364286 }
{ "name" : "Today’s Collectibles Roundup  3/31- Collectibles Channel Newsletter", "day" : "2016-03-31", "id" : 6386728 }
{ "name" : "18 Beautiful, Colorful Spring Gardens 3/31  - Gardening Newsletter", "day" : "2016-03-31", "id" : 6388131 }
{ "name" : "DIY of the Week: 17 Ways to Refresh a Small Bathroom - Home Channel Newsletter", "day" : "2016-03-31", "id" : 6388282 }
{ "name" : "Why Do Cut Apples Turn Brown? - Food Channel Newsletter", "day" : "2016-03-31", "id" : 6392942 }
{ "name" : "Travel 3/31 Trending- Travel Channel Newsletter", "day" : "2016-03-31", "id" : 6394475 }
{ "name" : "Quinoa, Three Ways - Food Channel Newsletter", "day" : "2016-03-31", "id" : 6395148 }
{ "name" : "3/31 -  Recipe of the Day Newsletter", "day" : "2016-03-31", "id" : 6395468 }
{ "name" : "Tech Today 3/31 -  Computers Channel Newsletter", "day" : "2016-03-31", "id" : 6396167 }
{ "name" : "03/31 - Today Newsletter", "day" : "2016-03-31", "id" : 6400706 }
{ "name" : "The 15 Types of Cancer Caused by Smoking - Boomers Health Newsletter", "day" : "2016-03-31", "id" : 6400995 }
{ "name" : "Quiz: How Fit Are You? - Staying Active Newsletter", "day" : "2016-03-31", "id" : 6401196 }
{ "name" : "3/31 10 Yoga Poses That Will Tone Your Abs - Living Healthy", "day" : "2016-03-31", "id" : 6401405 }
{ "name" : "3/31 10 Yoga Poses That Will Tone Your Abs - Living Healthy", "day" : "2016-03-31", "id" : 6401406 }
{ "name" : "Get Paid to Travel (Seriously!) 3/31 - Small Business Channel NL", "day" : "2016-03-31", "id" : 6401413 }
{ "name" : "Test 4/2 How Sex Toys Improve Sexual Health 402 - Health Tip of the Day", "day" : "2016-03-31", "id" : 6401429 }
{ "name" : "Change Your Luck - Espanol Channel Newsletter", "day" : "2016-03-31", "id" : 6401935 }
{ "name" : "3/31 How to Get the Abs of a Yogi 400 - Health Tip of the Day", "day" : "2016-03-31", "id" : 6402007 }
{ "name" : "Apple vs FBI - About Apple Channel Newsletter", "day" : "2016-03-31", "id" : 6402266 }
{ "name" : "Test 4/2 6 Major Minerals Your Body Needs the Most - Living Healthy", "day" : "2016-03-31", "id" : 6402599 }
