{ "profile_id" : "56fca0ccd7aaa8f62a8b51d7", "template" : "Home BX Welcome", "send_time" : "2016-03-31T00:00:12.686", "clicks" : [], "opens" : [], "device" : null, "message_revenue" : null, "delivery_status" : null, "id" : "56fca0cc15dd96c0548b7040" }
{ "profile_id" : "56fca0ccd7aaa8f62a8b51d7", "template" : "Home BX Welcome", "send_time" : "2016-03-31T00:00:12.727", "clicks" : [], "opens" : [], "device" : null, "message_revenue" : null, "delivery_status" : null, "id" : "56fca0cce661f029478b92ec" }
{ "profile_id" : "56fca0da34bf84b4708b45d1", "template" : "Home BX Welcome", "send_time" : "2016-03-31T00:00:27.353", "clicks" : [], "opens" : [], "device" : null, "message_revenue" : null, "delivery_status" : null, "id" : "56fca0dae9328b393e8ba70d" }
{ "profile_id" : "56fca0dc566a94c6708b5264", "template" : "ROD BX Welcome", "send_time" : "2016-03-31T00:00:28.134", "clicks" : [], "opens" : [], "device" : null, "message_revenue" : null, "delivery_status" : null, "id" : "56fca0dce9328b7b768b6bf8" }
{ "profile_id" : "56fca0e799964a8c358b52b0", "template" : "Travel BX Welcome", "send_time" : "2016-03-31T00:00:39.099", "clicks" : [], "opens" : [{ "ts" : { "$date" : 1459397172000 } }], "device" : "Gmail", "message_revenue" : null, "delivery_status" : null, "id" : "56fca0e76e4adcca2a8ba972" }
{ "profile_id" : "56fca10372fbf25a1c8b525a", "template" : "Home BX Welcome", "send_time" : "2016-03-31T00:01:07.182", "clicks" : [], "opens" : [], "device" : null, "message_revenue" : null, "delivery_status" : null, "id" : "56fca103e661f0f80c8ba6c9" }
{ "profile_id" : "56fca1326ce954715f8b4e2d", "template" : "HTD BX Welcome", "send_time" : "2016-03-31T00:01:54.244", "clicks" : [], "opens" : [{ "ts" : { "$date" : 1459523413000 } }], "device" : "Chrome", "message_revenue" : null, "delivery_status" : null, "id" : "56fca132e661f0782f8b772a" }
{ "profile_id" : "56fca14acb4a2beb078b52e6", "template" : "Home BX Welcome", "send_time" : "2016-03-31T00:02:18.989", "clicks" : [{ "url" : "<url>", "ts" : { "$date" : 1459440594000 } }], "opens" : [{ "ts" : { "$date" : 1459440558000 } }], "device" : "Chrome", "message_revenue" : null, "delivery_status" : null, "id" : "56fca14ae9328b7b768b6c39" }
{ "profile_id" : "56fca1d2566a94c6708b534a", "template" : "Travel BX Welcome", "send_time" : "2016-03-31T00:04:34.933", "clicks" : [], "opens" : [], "device" : null, "message_revenue" : null, "delivery_status" : null, "id" : "56fca1d26e4adc0b568b9c91" }
{ "profile_id" : "56fca22d72fbf25a1c8b5375", "template" : "ROD BX Welcome", "send_time" : "2016-03-31T00:06:05.586", "clicks" : [], "opens" : [], "device" : null, "message_revenue" : null, "delivery_status" : null, "id" : "56fca22d6e4adcc32a8ba6ee" }
{ "profile_id" : "56fca38fcbcf48f87c8b47d8", "template" : "Home BX Welcome", "send_time" : "2016-03-31T00:11:59.411", "clicks" : [], "opens" : [], "device" : null, "message_revenue" : null, "delivery_status" : null, "id" : "56fca38f15dd969f1b8b4d7e" }
{ "profile_id" : "56fca3a1b84a99ef4f8b54b4", "template" : "Travel BX Welcome", "send_time" : "2016-03-31T00:12:17.398", "clicks" : [], "opens" : [], "device" : null, "message_revenue" : null, "delivery_status" : null, "id" : "56fca3a16e4adc6c7d8b67cd" }
{ "profile_id" : "56fca3f8d9cb94154b8b5501", "template" : "Money BX Welcome", "send_time" : "2016-03-31T00:13:44.086", "clicks" : [], "opens" : [{ "ts" : { "$date" : 1459487653000 } }], "device" : "Android", "message_revenue" : null, "delivery_status" : null, "id" : "56fca3f8e661f0ca0c8ba6c3" }
{ "profile_id" : "56fca47e27fdb0ba7e8b556e", "template" : "Home BX Welcome", "send_time" : "2016-03-31T00:15:58.777", "clicks" : [{ "url" : "<url>", "ts" : { "$date" : 1459400185000 } }, { "url" : "<url>", "ts" : { "$date" : 1459409137000 } }, { "url" : "<url>", "ts" : { "$date" : 1459409219000 } }], "opens" : [{ "ts" : { "$date" : 1459398755000 } }, { "ts" : { "$date" : 1459409110000 } }], "device" : "Chrome", "message_revenue" : null, "delivery_status" : null, "id" : "56fca47e6e4adcb12a8babfb" }
{ "profile_id" : "56fca4b41acbcdb3138b4904", "template" : "Money BX Welcome", "send_time" : "2016-03-31T00:16:52.419", "clicks" : [{ "url" : "<url>", "ts" : { "$date" : 1459399183000 } }, { "url" : "<url>", "ts" : { "$date" : 1459399324000 } }, { "url" : "<url>", "ts" : { "$date" : 1459399409000 } }], "opens" : [{ "ts" : { "$date" : 1459399139000 } }], "device" : "Firefox", "message_revenue" : null, "delivery_status" : null, "id" : "56fca4b4e9328b84768b6e23" }
{ "profile_id" : "56fca59334bf84b4708b49cf", "template" : "Money BX Welcome", "send_time" : "2016-03-31T00:20:35.060", "clicks" : [], "opens" : [{ "ts" : { "$date" : 1459398329000 } }], "device" : "Firefox", "message_revenue" : null, "delivery_status" : null, "id" : "56fca593e9328b363e8baa5e" }
{ "profile_id" : "56fca593a79328444d8b5690", "template" : "Home BX Welcome", "send_time" : "2016-03-31T00:20:35.383", "clicks" : [], "opens" : [], "device" : null, "message_revenue" : null, "delivery_status" : null, "id" : "56fca593e9328b233e8ba861" }
{ "profile_id" : "56fca64a24b2d6da138b4ac4", "template" : "HTD BX Welcome", "send_time" : "2016-03-31T00:23:38.347", "clicks" : [], "opens" : [], "device" : null, "message_revenue" : null, "delivery_status" : null, "id" : "56fca64ae661f0bb0c8ba841" }
{ "profile_id" : "56fca6b20ca98937128b57b0", "template" : "HTD BX Welcome", "send_time" : "2016-03-31T00:25:22.818", "clicks" : [], "opens" : [], "device" : null, "message_revenue" : null, "delivery_status" : null, "id" : "56fca6b2e9328b203e8babd9" }
{ "profile_id" : "56fca6eda7932884078b4a79", "template" : "Home BX Welcome", "send_time" : "2016-03-31T00:26:21.175", "clicks" : [], "opens" : [], "device" : null, "message_revenue" : null, "delivery_status" : null, "id" : "56fca6ed6e4adc1f2d8bad03" }
