{ "profile_id" : "5367b23af9c510f432f75c23", "send_time" : "2016-03-31T08:00:03.016", "blast_id" : 6364286, "message_id" : 1, "device" : null, "message_revenue" : null, "delivery_status" : null }
{ "profile_id" : "5367b23af9c510f432f75c24", "send_time" : "2016-03-31T08:00:03.017", "blast_id" : 6364286, "message_id" : 2, "device" : null, "message_revenue" : null, "delivery_status" : null }
{ "profile_id" : "5367b23af9c510f432f75c25", "send_time" : "2016-03-31T08:00:03.015", "blast_id" : 6364286, "message_id" : 3, "device" : null, "message_revenue" : null, "delivery_status" : null }
{ "profile_id" : "53c6e32d41b8f1a31200001e", "send_time" : "2016-03-31T08:00:03.018", "opens" : [{ "ts" : { "$date" : 1459431708000 } }, { "ts" : { "$date" : 1459431709000 } }], "clicks" : [{ "url" : "http://li.about.com/click", "ts" : { "$date" : 1459431709000 } }], "blast_id" : 6364286, "message_id" : 4, "device" : "Firefox", "message_revenue" : null, "delivery_status" : null }
{ "profile_id" : "56ddb39ba59146d43b8b4567", "send_time" : "2016-03-31T08:00:03.019", "opens" : [{ "ts" : { "$date" : 1459425626000 } }], "blast_id" : 6364286, "message_id" : 5, "device" : "Internet Explorer", "message_revenue" : null, "delivery_status" : null }
{ "profile_id" : "56aaafe11acbcd4c208b4c09", "send_time" : "2016-03-31T08:06:48.711", "blast_id" : 6364286, "message_id" : 6, "device" : null, "message_revenue" : null, "delivery_status" : null }
{ "profile_id" : "542e83ad0f2996120d8b5ed4", "send_time" : "2016-03-31T08:06:49.634", "blast_id" : 6364286, "message_id" : 7, "device" : null, "message_revenue" : null, "delivery_status" : null }
{ "profile_id" : "53e3c037dd52b884378b4f9c", "send_time" : "2016-03-31T08:06:48.978", "blast_id" : 6364286, "message_id" : 26, "device" : null, "message_revenue" : null, "delivery_status" : null }
{ "profile_id" : "54369d131a754608568b4d3e", "send_time" : "2016-03-31T08:06:49.035", "opens" : [{ "ts" : { "$date" : 1459430504000 } }], "blast_id" : 6364286, "message_id" : 27, "device" : "iPhone", "message_revenue" : null, "delivery_status" : null }
{ "profile_id" : "542eb4ca09c5c53f568b4b6e", "send_time" : "2016-03-31T08:06:48.930", "blast_id" : 6364286, "message_id" : 31, "device" : null, "message_revenue" : null, "delivery_status" : null }
{ "profile_id" : "542ec1720f2996ab118b5c2e", "send_time" : "2016-03-31T08:06:48.968", "opens" : [{ "ts" : { "$date" : 1459428844000 } }], "blast_id" : 6364286, "message_id" : 32, "device" : "Chrome", "message_revenue" : null, "delivery_status" : null }
{ "profile_id" : "539f0a03dd52b810470038d6", "send_time" : "2016-03-31T08:06:48.919", "blast_id" : 6364286, "message_id" : 33, "device" : null, "message_revenue" : null, "delivery_status" : null }
{ "profile_id" : "5439cbcefa13a1c4588b4728", "send_time" : "2016-03-31T08:06:48.987", "blast_id" : 6364286, "message_id" : 34, "device" : null, "message_revenue" : null, "delivery_status" : null }
{ "profile_id" : "5438d5331d19b4de408b4e65", "send_time" : "2016-03-31T08:06:48.922", "blast_id" : 6364286, "message_id" : 40, "device" : null, "message_revenue" : null, "delivery_status" : null }
{ "profile_id" : "56b368bcbc40fa19298b53f1", "send_time" : "2016-03-31T08:06:48.762", "opens" : [{ "ts" : { "$date" : 1459441135000 } }, { "ts" : { "$date" : 1459441136000 } }], "blast_id" : 6364286, "message_id" : 41, "device" : "Windows Phone", "message_revenue" : null, "delivery_status" : null }
{ "profile_id" : "557edb611a75461a378b4656", "send_time" : "2016-03-31T08:06:49.062", "blast_id" : 6364286, "message_id" : 42, "device" : null, "message_revenue" : null, "delivery_status" : null }
{ "profile_id" : "54357484ba57e64f678b4ed7", "send_time" : "2016-03-31T08:06:49.034", "blast_id" : 6364286, "message_id" : 43, "device" : null, "message_revenue" : null, "delivery_status" : null }
{ "profile_id" : "56cb64f2289acb21648b4a1c", "send_time" : "2016-03-31T08:06:49.650", "blast_id" : 6364286, "message_id" : 59, "device" : null, "message_revenue" : null, "delivery_status" : null }
{ "profile_id" : "538dde72dd52b8b246008ba3", "send_time" : "2016-03-31T08:06:49.242", "blast_id" : 6364286, "message_id" : 60, "device" : null, "message_revenue" : null, "delivery_status" : null }
{ "profile_id" : "539f0990dd52b81047001638", "send_time" : "2016-03-31T08:06:49.059", "blast_id" : 6364286, "message_id" : 61, "device" : null, "message_revenue" : null, "delivery_status" : null }
