{ "browser" : { "Android" : 48, "Chrome" : 597 }, "email" : "<person@email.com>", "geo" : { "city" : { "Alhambra, CA US" : 1, "Bradenton, FL US" : 1, "Brooklyn, NY US" : 45, "Fairfield, CT US" : 102, "Jersey City, NJ US" : 19, "New York, NY US" : 188, "San Antonio, TX US" : 4, "Waterford, CT US" : 1, "Johns Island, SC US" : 5, "Tenafly, NJ US" : 185, "New Britain, CT US" : 1, "Syosset, NY US" : 1, "Uncasville, CT US" : 7, "Park City, UT US" : 13 }, "count" : 574, "country" : { "US" : 574 }, "state" : { "CA US" : 1, "CT US" : 111, "FL US" : 1, "NJ US" : 204, "NY US" : 234, "TX US" : 4, "SC US" : 5, "UT US" : 13 }, "zip" : { "06385 US" : 1, "06824 US" : 75, "07310 US" : 16, "10011 US" : 77, "10036 US" : 52, "10128 US" : 2, "34209 US" : 1, "78205 US" : 4, "91801 US" : 1, "11249 US" : 14, "11217 US" : 29, "29455 US" : 5, "07670 US" : 185, "06053 US" : 1, "10023 US" : 1, "07302 US" : 3, "10024 US" : 27, "11791 US" : 1, "06382 US" : 7, "10014 US" : 7, "84060 US" : 13, "10022 US" : 1 } }, "lists_signup" : { "AT Persado Control Group" : "2014-06-09T11:57:26", "AT Persado PT2 Control Group" : "2014-06-09T11:57:26", "Today Group 2" : "2014-06-09T11:57:26", "Master List" : "2014-06-09T11:57:26.060", "DELETE Family Fix" : "2014-05-07T11:49:33", "DELETE TEST STRING USERS 1" : "2014-05-07T11:49:33", "DELETE TEST STRING USERS 2" : "2014-05-07T11:49:33", "DELETE TEST STRING USERS 3" : "2014-05-07T11:49:33", "DELETE TEST STRING USERS 4" : "2014-05-07T11:49:33", "George Delivery Test" : "2014-05-07T11:49:33", "HR Gmail Openers" : "2014-06-09T11:57:26", "List Scrub - 1" : "2014-05-01T17:16:31", "List Scrub - Good Emails" : "2014-12-12T22:58:15", "Lobby" : "2014-06-09T11:57:26", "Test List - Travel" : "2014-05-07T11:49:33.375", "entertainment combine" : "2014-06-09T11:57:26", "list_golfequipment" : "2015-04-14T12:18:48", "stSuppressCatholicism040315" : "2015-04-03T16:06:16", "stSuppressKillerPins040315" : "2015-04-03T16:25:18", "teen list" : "2014-06-09T11:57:26", "AT Persado PT3 - Control" : "2014-06-09T11:57:26", "Staying Active - One Time" : "2014-06-09T11:57:26", "Home - One Time" : "2014-06-09T11:57:26", "AT Persado PT4 Control" : "2014-06-09T11:57:26", "Food A/B Test" : "2014-06-09T11:57:26", "Organized - Google AT" : "2015-06-25T09:42:13", "Health Recipients - 7/21" : "2015-07-21T09:31:03", "AT_ICYMI" : "2014-06-09T11:57:26", "LiveIntentTest" : "2015-08-03T15:07:51", "travelpersado" : "2014-06-09T11:57:26", "Travel8/7 Group4" : "2014-06-09T11:57:26", "smallbusinesspersado" : "2014-06-09T11:57:26", "smb831_Group3" : "2014-05-01T17:16:31", "tech_0903" : "2014-06-09T11:57:26", "tech_0903Group4" : "2014-06-09T11:57:26", "homepin9_25" : "2014-06-09T11:57:26", "homepin9_25(Group1)" : "2014-05-01T17:16:31", "ROD1015" : "2014-06-09T11:57:26", "ROD10_15" : "2014-06-09T11:57:26", "ROD1015_Group1" : "2014-05-01T17:16:31", "ENT10_15" : "2014-06-09T11:57:26", "ENT10_15Group3" : "2014-05-01T17:16:31", "Template Testing - Home" : "2015-10-27T10:28:16", "ROD Persado - 10/31 - group 4" : "2014-06-09T11:57:26", "Health NPS List 3" : "2014-05-01T17:16:31", "One Time Home Newsletter Intro" : "2014-06-09T11:57:26", "Belsomra Full List" : "2014-06-09T11:57:26", "One Time Fit Life Notification" : "2014-06-09T11:57:26", "Today Creative Test D" : "2014-05-01T17:16:31" }, "optout_reason" : null, "optout_time" : null, "signup_time" : "2014-05-07T11:49:33.375", "vars" : { "Opt_Back_In" : "", "artcraftsl" : "1", "autosl" : "1", "booksl" : 1, "bookssl" : null, "calcount" : "1", "computersl" : "1", "diabetes_ov" : 1, "eathealthsl" : null, "eattolive" : "1", "electronsl" : "1", "entertainment" : "1", "familysl" : "1", "fitsl" : "1", "fooddrinksl" : "1", "healthsl" : 1, "healthtipsl" : "1", "househomesl" : "1", "list_buffaloniagara" : 1, "list_candleandsoap" : 1, "list_catholicism" : 1, "list_humanresources" : 1, "list_jobsearch" : "1", "list_lobby" : 1, "list_running" : "1", "list_sbinformation" : "1", "list_sportsmedicine" : "1", "moneysl" : "1", "musicsl" : 1, "needlesl" : "1", "programsl" : "1", "recipeodsl" : "1", "source" : "etiquette", "specsportssl" : null, "stylensl" : "1", "teenlifesl" : "1", "todaysl" : "1", "travelgetsl" : "1", "videogamessl" : "1", "welcome_received" : true, "etiquette" : 1, "list_exercise" : 1, "wilatoday" : "1", "list_beauty" : "1", "newssl" : "1", "list_seniorhealth" : "1", "applenewssl" : "1", "list_social" : null, "espanolsl" : null }, "create_date" : "2014-05-01T17:16:31", "total_opens" : 681, "total_clicks" : 645, "total_unique_opens" : 805, "total_unique_clicks" : 411, "total_pageviews" : 2546, "total_messages" : 9659, "last_open" : "2016-04-01T13:11:09", "last_click" : "2016-03-31T12:50:25", "last_pageview" : "2016-03-31T12:50:18", "id" : "5362b9aff9c510f432f47910" }
{ "browser" : { "Android" : 42, "Chrome" : 428, "iPad" : 1 }, "email" : "<person@email.com>", "geo" : { "city" : { "Brooklyn, NY US" : 35, "East Longmeadow, MA US" : 1, "Fairfield, CT US" : 64, "Hartford, CT US" : 1, "Jenkintown, PA US" : 1, "Jersey City, NJ US" : 6, "Manchester, CT US" : 1, "Marlborough, MA US" : 2, "Nashville, TN US" : 2, "New York, NY US" : 275, "Newark, NJ US" : 1, "San Antonio, TX US" : 3, "Springfield, MA US" : 2, "Waterford, CT US" : 6, "Johns Island, SC US" : 4, "Tenafly, NJ US" : 39, "Irvine, CA US" : 1, "Uncasville, CT US" : 5 }, "count" : 451, "country" : { "US" : 451 }, "state" : { "CT US" : 77, "MA US" : 5, "NJ US" : 46, "NY US" : 311, "PA US" : 1, "TN US" : 2, "TX US" : 3, "SC US" : 4, "CA US" : 1 }, "zip" : { "01028 US" : 1, "01752 US" : 2, "06385 US" : 6, "06824 US" : 23, "07310 US" : 6, "10011 US" : 146, "10036 US" : 40, "11226 US" : 5, "19046 US" : 1, "37203 US" : 2, "78205 US" : 3, "11249 US" : 7, "11217 US" : 20, "29455 US" : 4, "07670 US" : 39, "92619 US" : 1, "10024 US" : 25, "06382 US" : 5, "10014 US" : 12 } }, "lists_signup" : { "AT Optin" : "2014-09-29T14:01:37", "AT Persado Control Group" : "2014-05-07T12:58:29", "AT Persado PT2 Control Group" : "2014-05-07T12:58:29", "Today" : "2014-05-07T12:58:29", "Today Group 1" : "2014-06-30T09:39:56.294", "Today Group 2" : "2014-05-07T12:58:29", "Today Group 2a" : "2014-05-07T12:58:29", "Today Group 2b" : "2014-05-07T12:58:29", "Aboutcom Master List" : "2014-05-07T12:58:29.493", "Jess Delta Test" : "2014-05-07T12:58:29", "Jess Delta Test v 2" : "2014-05-07T12:58:29", "Jess delta test" : "2014-05-07T12:58:29", "List Scrub - 12" : "2014-05-01T17:18:03", "List Scrub - Good Emails" : "2014-12-21T16:24:40", "Programming - 2" : "2014-05-07T12:58:29", "Travel - Product Test" : "2014-05-07T12:58:29", "Travel - Product Test 2" : "2014-05-07T12:58:29", "Travel Full List - No additions" : "2014-05-07T12:58:29", "Travel Group 1" : "2014-06-20T14:10:25.531", "Travel Group 2" : "2014-05-07T12:58:29", "Travel Product Test 3a" : "2014-05-07T12:58:29", "stSuppressCatholicism040315" : "2015-04-03T16:11:07", "stSuppressKillerPins040315" : "2015-04-03T16:43:25", "stTestSegment2" : "2014-05-07T12:58:29", "travel export" : "2014-05-07T12:58:29", "AT Persado PT3 - Control" : "2014-05-07T12:58:29", "AT Persado PT4 Control" : "2014-05-07T12:58:29", "Organized - Fridge Snacks AT" : "2015-06-25T13:07:14", "Cat Test - Non openers 724" : "2015-07-24T16:13:27", "AT_ICYMI" : "2014-05-07T12:58:29", "travelpersado" : "2014-05-07T12:58:29", "Travel8/7 Group3" : "2014-05-01T17:18:03", "tech_0903" : "2014-05-07T12:58:29", "tech_0903Group3" : "2014-05-01T17:18:03", "ROD10_15" : "2014-05-07T12:58:29", "Food Addition One Time Mailing" : "2014-05-07T12:58:29" }, "optout_reason" : null, "optout_time" : null, "signup_time" : "2014-05-07T12:58:29.493", "vars" : { "group" : 5, "list_baking" : 1, "list_bbq" : 1, "list_buffaloniagara" : 1, "list_catholicism" : 1, "list_humanresources" : 1, "list_italianfood" : 1, "list_travelwithkids" : 1, "list_webdesign" : 1, "program_group" : 2, "programsl" : 1, "source" : "catholicism", "test_group" : "", "todaysl" : 1, "travegetsl" : 1, "travelgetsl" : 1, "welcome_received" : 1, "computersl" : "1", "fooddrinksl" : "1", "internationalc" : "1" }, "create_date" : "2014-05-01T17:18:03", "total_opens" : 1539, "total_clicks" : 471, "total_unique_opens" : 1246, "total_unique_clicks" : 277, "total_pageviews" : 2664, "total_messages" : 3593, "last_open" : "2016-04-01T11:10:55", "last_click" : "2016-03-30T16:08:34", "last_pageview" : "2016-04-01T11:56:29", "id" : "5362ba0bf9c510f432f4793c" }
{ "browser" : { "Android" : 30, "Chrome" : 115, "Firefox" : 777, "Other" : 1, "iPhone" : 1, "Safari" : 17, "Internet Explorer" : 2 }, "email" : "<person@email.com>", "geo" : { "city" : { "Brooklyn, NY US" : 65, "Elizabeth, NJ US" : 1, "Fairfield, CT US" : 115, "Hawley, PA US" : 1, "Jersey City, NJ US" : 52, "Middletown, CT US" : 1, "Nashville, TN US" : 1, "New Britain, CT US" : 4, "New York, NY US" : 382, "Oakland, CA US" : 1, "San Antonio, TX US" : 7, "South Windsor, CT US" : 1, "Thorofare, NJ US" : 1, "Waterford, CT US" : 6, "Waterbury, CT US" : 3, "Johns Island, SC US" : 4, "Cromwell, CT US" : 1, "Westfield, MA US" : 1, "Manchester, CT US" : 2, "Tenafly, NJ US" : 192, "Corona, NY US" : 1, "Newington, CT US" : 1, "Uncasville, CT US" : 26, "Westford, MA US" : 1, "San Francisco, CA US" : 1, "Chicago, IL US" : 2, "Park City, UT US" : 4, "San Diego, CA US" : 1, "Westport, CT US" : 4, "Fairfax, VA US" : 1 }, "count" : 889, "country" : { "US" : 889 }, "state" : { "CA US" : 3, "CT US" : 164, "NJ US" : 246, "NY US" : 449, "PA US" : 1, "TN US" : 1, "TX US" : 7, "SC US" : 4, "MA US" : 2, "IL US" : 2, "UT US" : 4, "VA US" : 1 }, "zip" : { "06074 US" : 1, "06385 US" : 6, "06824 US" : 43, "07306 US" : 26, "07310 US" : 26, "08086 US" : 1, "10011 US" : 128, "10012 US" : 1, "10036 US" : 105, "10044 US" : 7, "11226 US" : 5, "11249 US" : 17, "18428 US" : 1, "37203 US" : 1, "78205 US" : 7, "06708 US" : 1, "11217 US" : 35, "29455 US" : 4, "06416 US" : 1, "01086 US" : 1, "06040 US" : 2, "06704 US" : 2, "07670 US" : 192, "11368 US" : 1, "06053 US" : 1, "10017 US" : 3, "06111 US" : 1, "10024 US" : 66, "10023 US" : 1, "06382 US" : 26, "06051 US" : 1, "10014 US" : 20, "01886 US" : 1, "94107 US" : 1, "10018 US" : 5, "60601 US" : 2, "84060 US" : 4, "92106 US" : 1, "06880 US" : 4, "22030 US" : 1 } }, "lists_signup" : { "A&C Sent Yesterday" : "2014-08-01T14:49:32.408", "AT Optin" : "2014-09-29T12:27:29", "AT Persado Control Group" : "2014-05-07T13:03:48", "AT Persado PT2 Group 4" : "2014-05-05T11:28:34", "Today" : "2014-05-07T13:03:48", "Today Group 1" : "2014-07-02T07:22:43.119", "Today Group 2" : "2014-05-07T13:03:48", "Today Group 2a" : "2014-05-07T13:03:48", "Today Group 2b" : "2014-05-07T13:03:48", "Aboutcom Master List" : "2014-05-07T13:03:48.001", "BBH Full" : "2014-05-07T13:03:48", "BBH1" : "2014-08-29T20:49:17", "Bad Habits 1" : "2014-08-29T16:37:55", "Breakfast - GP8" : "2014-05-07T13:03:48", "CC Suppression List" : "2014-10-03T12:01:07", "DELETE Family Fix" : "2014-05-07T13:03:48", "DELETE TEST STRING USERS 1" : "2014-05-07T13:03:48", "DELETE TEST STRING USERS 2" : "2014-05-07T13:03:48", "DELETE TEST STRING USERS 3" : "2014-05-07T13:03:48", "DELETE TEST STRING USERS 4" : "2014-05-07T13:03:48", "Dev CMS Delivery Test" : "2014-11-03T11:12:29", "Food Coconuts - GP1" : "2014-05-07T13:03:48", "HE - Group 3" : "2014-05-07T13:03:48", "Health 6" : "2014-05-07T13:03:48", "Health Full" : "2014-05-07T13:03:48", "Health Full 2" : "2014-05-07T13:03:48", "Jess Delta Test" : "2014-05-07T13:03:48", "Jess Delta Test v 2" : "2014-05-07T13:03:48", "Jess delta test" : "2014-05-07T13:03:48", "List Scrub - 3" : "2014-05-05T11:28:34", "List Scrub - Good Emails" : "2014-12-13T21:35:42", "Lobby" : "2014-05-07T13:03:48", "Painting - GP1" : "2014-05-07T13:03:48", "Programming - Full" : "2014-05-07T13:03:48", "QA CMS Delivery Test" : "2014-12-04T08:03:36", "Travel - Product Test" : "2014-05-07T13:03:48", "Travel Full List - No additions" : "2014-05-07T13:03:48", "Travel Group 1" : "2014-06-20T14:10:25.126", "Travel Group 2" : "2014-05-07T13:03:48", "Travel Questions - BF" : "2014-05-14T12:32:46.520", "Video Games - Not special mailing" : "2014-05-07T13:03:48", "entertainment combine" : "2014-05-07T13:03:48", "list_golfequipment" : "2014-12-18T16:13:22", "stSuppressCatholicism040315" : "2015-04-03T16:17:45", "stSuppressKillerPins040315" : "2015-04-03T16:56:02", "stTestSegment1" : "2014-06-13T16:28:26.659", "teen list" : "2014-05-07T13:03:48", "travel export" : "2014-05-07T13:03:48", "AT Persado PT3 - Control" : "2014-05-07T13:03:48", "Staying Active - One Time" : "2014-05-07T13:03:48", "Home - One Time" : "2014-05-07T13:03:48", "AT Persado PT4 Control" : "2014-05-07T13:03:48", "Food A/B Test" : "2014-05-07T13:03:48", "Organized - Google AT" : "2015-06-25T11:09:54", "Internal Emails" : "2016-03-18T11:27:18", "Health Recipients - 7/21" : "2015-07-21T11:02:39", "AT 7/23 Non-openers" : "2015-07-23T21:20:31", "Entrepreneurs - Persado Test" : "2014-05-07T13:03:48", "Entrepreneurs - Persado Test - GP1" : "2014-05-05T11:28:34", "Entrepreneurs - Persado Test - GP4" : "2014-05-05T11:28:34", "Entrepreneurs - Persado Test - Group 1" : "2014-05-05T11:28:34", "AT_ICYMI" : "2014-05-07T13:03:48", "travelpersado" : "2014-05-07T13:03:48", "Travel8/7 Group3" : "2014-05-05T11:28:34", "smallbusinesspersado" : "2014-05-07T13:03:48", "smb831_Group3" : "2014-05-05T11:28:34", "tech_0903" : "2014-05-07T13:03:48", "tech_0903Group3" : "2014-05-05T11:28:34", "funny9_23" : "2014-05-07T13:03:48", "funny9_23(Group4)" : "2014-05-07T13:03:48", "homepin9_25" : "2014-05-07T13:03:48", "homepin9_25(Group2)" : "2014-05-05T11:28:34", "Health Challenge Participants" : "2015-09-21T11:26:20", "Forum Remainder" : "2014-05-07T13:03:48", "ROD1015" : "2014-05-07T13:03:48", "ROD10_15" : "2014-05-07T13:03:48", "ROD1015_Group3" : "2014-05-05T11:28:34", "ENT10_15" : "2014-05-07T13:03:48", "ENT10_15Group4" : "2014-05-07T13:03:48", "Persado - Beauty 1" : "2014-05-05T11:28:34", "Persado - Beauty 2" : "2014-05-05T11:28:34", "Template Testing - Home" : "2015-10-27T10:28:16", "ROD Persado - 10/31 - group 1" : "2014-05-05T11:28:34", "Health Challenge" : "2015-11-02T15:28:42", "AT Test Group - Creative Test" : "2014-05-05T11:28:34", "Belsomra Full List" : "2014-05-07T13:03:48" }, "optout_reason" : null, "optout_time" : null, "signup_time" : "2014-05-07T13:03:48.001", "vars" : { "Group" : 3, "artcraftsl" : "1", "autosl" : "1", "booksl" : "1", "bookssl" : 0, "calcount" : "1", "computersl" : "1", "eathealthsl" : null, "eattolive" : "1", "electronsl" : "1", "entertainment" : "1", "espanolsl" : "1", "familysl" : "1", "fitsl" : "1", "fooddrinksl" : "1", "group" : 1, "healthsl" : "1", "healthtipsl" : "1", "househomesl" : "1", "list_beauty" : "1", "list_buffaloniagara" : 1, "list_catholicism" : 1, "list_cms" : 1, "list_dairyfreecooking" : 1, "list_datingadvice" : 1, "list_email" : 1, "list_golfequipment" : 1, "list_humanresources" : 1, "list_lobby" : 1, "list_obesity" : 1, "list_puzzles" : 1, "moneysl" : "1", "musicsl" : "1", "needlesl" : "1", "newssl" : "1", "programsl" : "1", "recipeodsl" : "1", "source" : "Channel or Other", "specsportssl" : 0, "stylensl" : "1", "teenlifesl" : "1", "test_group" : 3, "todaysl" : "1", "travegetsl" : 1, "travelgetsl" : "1", "videogamessl" : "1", "welcome_received" : 1, "list_seniorhealth" : "1", "funnyweirduns" : "1", "list_sbinformation" : "1", "list_social" : "1", "list_entrepreneurs" : "1", "list_psychology" : 1, "list_friendship" : 1, "list_football" : "1", "specialtyd" : "1", "libations" : "1", "wilatoday" : "1", "applenewssl" : "1", "internationalc" : "1" }, "create_date" : "2014-05-05T11:28:34", "total_opens" : 6193, "total_clicks" : 943, "total_unique_opens" : 3046, "total_unique_clicks" : 652, "total_pageviews" : 25507, "total_messages" : 13890, "last_open" : "2016-03-31T17:49:49", "last_click" : "2016-04-01T13:06:43", "last_pageview" : "2016-04-01T13:36:17", "id" : "5367ae22f9c510f432f759e4" }
{ "browser" : { "Chrome" : 10, "Firefox" : 68, "Other" : 5, "Safari" : 5, "Internet Explorer" : 1 }, "email" : "<person@email.com>", "geo" : { "city" : { "Brooklyn, NY US" : 7, "Jersey City, NJ US" : 2, "New York, NY US" : 75, "Tenafly, NJ US" : 5 }, "count" : 89, "country" : { "US" : 89 }, "state" : { "NJ US" : 7, "NY US" : 82 }, "zip" : { "07310 US" : 2, "10011 US" : 7, "10036 US" : 21, "07670 US" : 5, "10014 US" : 4, "11217 US" : 4, "10024 US" : 43 } }, "lists_signup" : { "A&C Sent Yesterday" : "2014-08-01T14:23:46.422", "AT Gmail Openers" : "2014-05-07T12:57:42", "AT Optin" : "2014-09-29T12:37:35", "AT Persado Group 1" : "2014-05-05T11:46:02", "AT Persado PT2 Control Group" : "2014-05-07T12:57:42", "Today" : "2014-05-07T12:57:42", "Today Group 1" : "2014-07-01T11:16:36.292", "Today Group 2" : "2014-05-07T12:57:42", "Today Group 2b" : "2014-05-07T12:57:42", "Aboutcom Master List" : "2014-05-07T12:57:42.072", "BBH Full" : "2014-05-07T12:57:42", "BBH1" : "2014-08-29T18:53:25", "BBH2" : "2014-08-29T18:53:27", "BBH3" : "2014-08-29T18:53:45", "Bad Habits" : "2014-08-29T14:17:40", "Bad Habits 1" : "2014-08-29T14:18:20", "Bad Habits 3" : "2014-08-29T14:17:50", "Breakfast - GP5" : "2014-05-07T12:57:42", "DELETE TEST" : "2014-05-07T12:57:42", "Espanol Full" : "2014-05-07T12:57:42", "Food Coconuts - GP5" : "2014-05-07T12:57:42", "HE - Group 4" : "2014-05-07T12:57:42", "Health 4 C" : "2014-05-07T12:57:42", "Health 6" : "2014-05-07T12:57:42", "Health Full" : "2014-05-07T12:57:42", "Health Full 2" : "2014-05-07T12:57:42", "Jess Delta Test" : "2014-05-07T12:57:42", "Jess Delta Test v 2" : "2014-05-07T12:57:42", "Jess delta test" : "2014-05-07T12:57:42", "Jess_Healthy Eating 1120" : "2014-11-20T15:58:48", "List Scrub - 4" : "2014-05-05T11:46:02", "List Scrub - Good Emails" : "2014-12-14T01:53:09", "Music Group 2" : "2014-05-07T12:57:42", "Music S List" : "2014-08-07T15:00:37.238", "Music Suppression List" : "2014-08-07T13:08:15.857", "Needlecrafts Additional Topics" : "2014-05-07T12:57:42", "Painting - GP2" : "2014-05-07T12:57:42", "Parenting - Additions Vacant" : "2014-05-07T12:57:42", "Parenting - Group 4" : "2014-05-07T12:57:42", "Parenting - OG Sends" : "2014-05-07T12:57:42", "Programming - 1" : "2014-05-07T12:57:42", "Programming - Full" : "2014-05-07T12:57:42", "Real Needles Additional Topics" : "2014-05-07T12:57:42", "Summer Reading  - 1" : "2014-05-07T12:57:42", "Summer Reading  - GP1" : "2014-05-07T12:57:42", "Thank You - GP3" : "2014-05-07T12:57:42", "Travel - New Add-ins" : "2014-05-07T12:57:42", "Travel Full List - No additions" : "2014-05-07T12:57:42", "Travel Group 1" : "2014-06-27T11:35:22.862", "Travel Group 2" : "2014-05-07T12:57:42", "Travel Product Test 3a" : "2014-05-07T12:57:42", "Video Games - Special Mailing" : "2014-05-07T12:57:42", "entertainment combine" : "2014-05-07T12:57:42", "stSuppressAtheism040315" : "2015-04-03T16:03:17", "stSuppressCatholicism040315" : "2015-04-03T16:05:19", "stSuppressKillerPins040315" : "2015-04-03T16:20:48", "stTestSegment1" : "2014-06-13T16:28:25.087", "teen list" : "2014-05-07T12:57:42", "travel export" : "2014-05-07T12:57:42", "AT Persado PT3 - Control" : "2014-05-07T12:57:42", "Staying Active - One Time" : "2014-05-07T12:57:42", "Home - One Time" : "2014-05-07T12:57:42", "AT Persado PT4 Control" : "2014-05-07T12:57:42", "Food A/B Test" : "2014-05-07T12:57:42", "Organized - Google AT" : "2015-06-25T09:24:02", "Organized - Fridge Snacks AT" : "2015-06-25T09:24:44", "New Experts to Health NL July 2015" : "2014-05-07T12:57:42", "Health Recipients - 7/21" : "2015-07-21T09:17:37", "AT 7/23 Non-openers" : "2015-07-23T16:30:52", "Cat Test - Non openers 724" : "2015-07-24T15:04:13", "AT_ICYMI" : "2014-05-07T12:57:42", "travelpersado" : "2014-05-07T12:57:42", "Travel8/7 Group3" : "2014-05-05T11:46:02", "tech_0903" : "2014-05-07T12:57:42", "tech_0903Group3" : "2014-05-05T11:46:02", "homepin9_25" : "2014-05-07T12:57:42", "homepin9_25(Group4)" : "2014-05-07T12:57:42", "nutrition_living_healthy 9/29" : "2014-05-07T12:57:42", "weightloss_living_healthy 9/29" : "2014-05-07T12:57:42", "Forum Shutdown" : "2015-10-02T17:02:25", "Third Sample - 50K" : "2014-05-05T11:46:02", "ROD10_15" : "2014-05-07T12:57:42", "ENT10_15" : "2014-05-07T12:57:42", "ENT10_15Group1" : "2014-05-05T11:46:02", "SportsHighlights" : "2015-10-19T10:58:16", "goitaly" : "2015-10-19T13:20:29", "Persado - Beauty 2" : "2014-05-05T11:46:02", "Today - Test Group" : "2014-05-05T11:46:02", "11/25 Suppression - AT" : "2015-11-23T15:38:46", "11/24 Suppression - AT" : "2015-11-23T15:39:45", "11/24 - A" : "2015-11-24T08:57:39", "pilates test" : "2014-05-05T11:46:02", "Living Healthy Test Group" : "2014-05-05T11:46:02", "12/11 LH Suppresion 2" : "2015-12-10T11:05:22", "12/11 LH Suppresion 1" : "2015-12-10T11:06:11", "12/11 LH Suppresion 3" : "2015-12-10T11:06:40", "12/11 LH Suppresion 4" : "2015-12-10T11:06:42", "12/11 LH Suppresion 5" : "2015-12-10T11:06:54", "12/12 LH Suppresion 1" : "2015-12-11T11:52:50", "1st Health Feb 2016 NPS List" : "2016-02-19T12:41:43", "2nd Health Feb 2016 NPS List" : "2016-02-19T12:43:47", "Food Addition One Time Mailing" : "2014-05-07T12:57:42", "One Time Home Newsletter Intro" : "2014-05-07T12:57:42", "One Time Collecting Email Notification" : "2014-05-07T12:57:42", "One Time Arts & Crafts Email Notification" : "2014-05-07T12:57:42", "One Time Gardening Email Notification" : "2014-05-07T12:57:42", "One Time Home Reno Email Notification" : "2014-05-07T12:57:42", "One Time Pets Email Notification" : "2014-05-07T12:57:42", "One Time Needlecraft Email Notification" : "2014-05-07T12:57:42", "Belsomra Full List" : "2014-05-07T12:57:42", "Gardening Channel Newsletter" : "2016-03-24T11:09:15", "One Time Gardening Channel Newsletter" : "2016-03-24T12:09:13", "Boomers One Time Mailing" : "2014-05-07T12:57:42", "Boomers Consolidation" : "2014-05-07T12:57:42", "One Time Fit Life Notification" : "2014-05-07T12:57:42", "One Time Raising Healthy Kids" : "2014-05-07T12:57:42", "One Time Health Tip Notification" : "2014-05-07T12:57:42" }, "optout_reason" : null, "optout_time" : null, "signup_time" : "2014-05-07T12:57:42.072", "vars" : { "Vacation_Homes" : "", "adventuretravel" : 1, "artcraftsl" : "1", "autosl" : 1, "booksl" : 1, "bookssl" : 1, "chicago" : "", "columbusoh" : "", "computersl" : "1", "crochet" : 1, "culinarytravel" : "", "eathealthsl" : 1, "eattolive" : "1", "electronsl" : 1, "elpaso" : "", "emroidery" : "", "entertainment" : "1", "espanolsl" : 1, "family_adds" : 1, "familysl" : "1", "fitsl" : "1", "fooddrinksl" : "1", "goaustralia" : "", "godc" : "", "goisrael" : "", "gomiami" : "", "gomontreal" : "", "gosanfrancisco" : "", "gosw" : "", "gothailand" : "", "govancouver" : "", "group" : 2, "health_group" : 1, "health_last" : 1, "healthsl" : "1", "honolulu" : "", "househomesl" : "1", "hunstville" : "", "jacksonville" : "", "list_15minutefashion" : 1, "list_3d" : 1, "list_712educators" : 1, "list_90srock" : 1, "list_accesorios" : 1, "list_accessories" : 1, "list_acne" : 1, "list_acting" : 1, "list_actionadventure" : 1, "list_actividadesfamilia" : 1, "list_addictions" : 1, "list_adolescentes" : 1, "list_adoption" : 1, "list_adrenalhealth" : 1, "list_adulted" : 1, "list_africancuisine" : 1, "list_ahorro" : 1, "list_albuquerque" : 1, "list_allergies" : 1, "list_alternativefuels" : 1, "list_altfitness" : 1, "list_alzheimers" : 1, "list_americalatina" : 1, "list_americanfood" : 1, "list_angelesymilagros" : 1, "list_angels" : 1, "list_animalcareers" : 1, "list_animalrights" : 1, "list_animals" : 1, "list_anime" : 1, "list_anitvirus" : 1, "list_annuities" : 1, "list_apartments" : 1, "list_aprenderinternet" : 1, "list_arquitectura" : 1, "list_arte" : 1, "list_asados" : 1, "list_asianhistory" : 1, "list_assistedliving" : 1, "list_assistivetechnology" : 1, "list_astrologia" : 1, "list_astrology" : 1, "list_australianfood" : 1, "list_automotive" : 1, "list_aviation" : 1, "list_baby" : 1, "list_babyclothes" : 1, "list_babyparenting" : 1, "list_babyproducts" : 1, "list_baile" : 1, "list_banking" : 1, "list_bankruptcy" : 1, "list_basements" : 1, "list_bateria" : 1, "list_bateriaypercusion" : 1, "list_bathrooms" : 1, "list_beauty" : "1", "list_beautysupply" : 1, "list_bebe" : 1, "list_bebidas" : 1, "list_bedroom" : 1, "list_beginnersinvest" : 1, "list_beisbol" : 1, "list_bestsellers" : 1, "list_bible" : 1, "list_bicicletas" : 1, "list_billiards" : 1, "list_biology" : 1, "list_birds" : 1, "list_bizfinance" : 1, "list_bizsecurity" : 1, "list_biztaxlaw" : 1, "list_blackhair" : 1, "list_blogsespanol" : 1, "list_boatingtravel" : 1, "list_bodas" : 1, "list_bonds" : 1, "list_bowling" : 1, "list_boxeo" : 1, "list_bpd" : 1, "list_breadbaking" : 1, "list_breastcancer" : 1, "list_breastfeeding" : 1, "list_britishfood" : 1, "list_broadband" : 1, "list_browsers" : 1, "list_budgetcooking" : 1, "list_budgetdecorating" : 1, "list_budgeting" : 1, "list_budgetstyle" : 1, "list_bullying" : 1, "list_buscadores" : 1, "list_cad" : 1, "list_cafeyte" : 1, "list_cakedecorating" : 1, "list_camcorders" : 1, "list_cancer" : 1, "list_candy" : 1, "list_cardmaking" : 1, "list_careerplanning" : 1, "list_caregiving" : 1, "list_carinsurance" : 1, "list_carrentals" : 1, "list_carreras" : 1, "list_cartech" : 1, "list_celebritystyle" : 1, "list_celiacdisease" : 1, "list_cellphones" : 1, "list_celulares" : 1, "list_certification" : 1, "list_cervicalcancer" : 1, "list_cheese" : 1, "list_chicagobears" : 1, "list_childcancer" : 1, "list_childcare" : 1, "list_childhoodobesity" : 1, "list_childparenting" : 1, "list_childrensbooks" : 1, "list_chineseculture" : 1, "list_chistes" : 1, "list_cholesterol" : 1, "list_christianity" : 1, "list_cigars" : 1, "list_cincinnati" : 1, "list_classicgames" : 1, "list_classicmotorcycles" : 1, "list_cleveland" : 1, "list_climbing" : 1, "list_cms" : 1, "list_cocinalatina" : 1, "list_coins" : 1, "list_coldflu" : 1, "list_collaboration" : 1, "list_collectibles" : 1, "list_collegefootball" : 1, "list_collegehoops" : 1, "list_collegelife" : 1, "list_collegesavings" : 1, "list_coloncancer" : 1, "list_color" : 1, "list_columbusoh" : 1, "list_comedians" : 1, "list_comicbooks" : 1, "list_comics" : 1, "list_comidamexicana" : 1, "list_comidaperuana" : 1, "list_commodities" : 1, "list_components" : 1, "list_comprarautos" : 1, "list_comprarcasa" : 1, "list_compsimgames" : 1, "list_computadoras" : 1, "list_computadorasmac" : 1, "list_concursos" : 1, "list_consejosamor" : 1, "list_construction" : 1, "list_consulting" : 1, "list_containergardening" : 1, "list_contraception" : 1, "list_cookbooks" : 1, "list_cookingequipment" : 1, "list_cookingforone" : 1, "list_copd" : 1, "list_correr" : 1, "list_corvettes" : 1, "list_cosmeticdentistry" : 1, "list_countrymusic" : 1, "list_cplus" : 1, "list_credito" : 1, "list_cricket" : 1, "list_criminologycareers" : 1, "list_cristianos" : 1, "list_crochet" : 1, "list_crosstraining" : 1, "list_crowdfunding" : 1, "list_culinaryarts" : 1, "list_culinarytravel" : 1, "list_cultmovies" : 1, "list_cupcakes" : 1, "list_cysticfibrosis" : 1, "list_dairyfreecooking" : 1, "list_dallas" : 1, "list_dallascowboys" : 1, "list_dance" : 1, "list_darts" : 1, "list_databases" : 1, "list_dating" : 1, "list_datingadvice" : 1, "list_decoracion" : 1, "list_defense" : 1, "list_delphi" : 1, "list_denver" : 1, "list_deportes" : 1, "list_depresion" : 1, "list_dietadvice" : 1, "list_dietas" : 1, "list_dinero" : 1, "list_dinosaurs" : 1, "list_disability" : 1, "list_discipline" : 1, "list_diving" : 1, "list_diy" : 1, "list_diyfashion" : 1, "list_documentaries" : 1, "list_downsyndrome" : 1, "list_drawsketch" : 1, "list_ds" : 1, "list_dutchfood" : 1, "list_dvr" : 1, "list_easteuropeanfood" : 1, "list_eatingdisorders" : 1, "list_ebay" : 1, "list_ecology" : 1, "list_ecommerce" : 1, "list_ecotourism" : 1, "list_ejercicio" : 1, "list_elcancer" : 1, "list_electrical" : 1, "list_elemail" : 1, "list_eliphone" : 1, "list_elpaso" : 1, "list_elyoga" : 1, "list_embarazoyparto" : 1, "list_embroidery" : 1, "list_employeebenefits" : 1, "list_enargentina" : 1, "list_enbrasil" : 1, "list_enchicago" : 1, "list_enchile" : 1, "list_encolombia" : 1, "list_encruceros" : 1, "list_enelcaribe" : 1, "list_energy" : 1, "list_enespana" : 1, "list_eneuropa" : 1, "list_enfermedadescorazon" : 1, "list_engagementrings" : 1, "list_enlosangeles" : 1, "list_enmexico" : 1, "list_enmiami" : 1, "list_ennuevayork" : 1, "list_enperu" : 1, "list_ent" : 1, "list_enusa" : 1, "list_epilepsy" : 1, "list_ergonomics" : 1, "list_etf" : 1, "list_etiquette" : 1, "list_eventplanning" : 1, "list_evolution" : 1, "list_exoticcars" : 1, "list_experimentos" : 1, "list_extremesports" : 1, "list_familybusiness" : 1, "list_familyfitness" : 1, "list_famosos" : 1, "list_fantasysports" : 1, "list_fatherhood" : 1, "list_feminismo" : 1, "list_fengshui" : 1, "list_fictionwriting" : 1, "list_fiestas" : 1, "list_filmtvcareers" : 1, "list_filosofia" : 1, "list_financecareers" : 1, "list_financialservices" : 1, "list_financialsoft" : 1, "list_fineart" : 1, "list_firstaid" : 1, "list_fishcooking" : 1, "list_fishery" : 1, "list_fleamarket" : 1, "list_flooring" : 1, "list_flowers" : 1, "list_foodallergies" : 1, "list_foodbeverage" : 1, "list_foodphotography" : 1, "list_foodpolicy" : 1, "list_foodpreservation" : 1, "list_foodreference" : 1, "list_foodtravel" : 1, "list_foothealth" : 1, "list_foraging" : 1, "list_forextrading" : 1, "list_formula1" : 1, "list_fotografia" : 1, "list_fragrance" : 1, "list_freight" : 1, "list_french" : 1, "list_frenchfood" : 1, "list_friendship" : 1, "list_furniture" : 1, "list_futbol" : 1, "list_gad" : 1, "list_gameboy" : 1, "list_gameindustry" : 1, "list_gameshows" : 1, "list_garages" : 1, "list_gatos" : 1, "list_gaylatino" : 1, "list_gaymarriage" : 1, "list_gayteens" : 1, "list_gaytravel" : 1, "list_germanfood" : 1, "list_giftedkids" : 1, "list_glutenfreecooking" : 1, "list_goamsterdam" : 1, "list_goargentina" : 1, "list_goaustralia" : 1, "list_gobrazil" : 1, "list_gocancun" : 1, "list_gocentralamerica" : 1, "list_gochicago" : 1, "list_gochina" : 1, "list_gocolorado" : 1, "list_godc" : 1, "list_gogermany" : 1, "list_goindia" : 1, "list_goireland" : 1, "list_goisrael" : 1, "list_golfequipment" : 1, "list_golftravel" : 1, "list_golondon" : 1, "list_golosangeles" : 1, "list_gomexico" : 1, "list_gomiami" : 1, "list_gomidwest" : 1, "list_gomontreal" : 1, "list_goneworleans" : 1, "list_gonewzealand" : 1, "list_gonw" : 1, "list_google" : 1, "list_goparis" : 1, "list_goperu" : 1, "list_gopuertorico" : 1, "list_gosanfrancisco" : 1, "list_goscandinavia" : 1, "list_goseasia" : 1, "list_gosoutheast" : 1, "list_gospain" : 1, "list_gosw" : 1, "list_gothailand" : 1, "list_gouk" : 1, "list_govancouver" : 1, "list_govcareers" : 1, "list_gps" : 1, "list_gradschool" : 1, "list_grammar" : 1, "list_grandparents" : 1, "list_greekfood" : 1, "list_greenbaypackers" : 1, "list_greenliving" : 1, "list_guitarra" : 1, "list_gymnastics" : 1, "list_hairremoval" : 1, "list_healing" : 1, "list_healthcareers" : 1, "list_healthinsurance" : 1, "list_healthtech" : 1, "list_heartburn" : 1, "list_hepatitis" : 1, "list_herbgardens" : 1, "list_herbsspices" : 1, "list_highbloodpressure" : 1, "list_hijos" : 1, "list_hiking" : 1, "list_hinduism" : 1, "list_hispanos" : 1, "list_historiausa" : 1, "list_hojasdecalculo" : 1, "list_homeaccessories" : 1, "list_homebusiness" : 1, "list_homefurnishings" : 1, "list_homeoffice" : 1, "list_homeparents" : 1, "list_homerenovations" : 1, "list_homerepair" : 1, "list_homesecurity" : 1, "list_homesteading" : 1, "list_homevideo" : 1, "list_honolulu" : 1, "list_hospitality" : 1, "list_houseplants" : 1, "list_housewares" : 1, "list_houston" : 1, "list_huntsville" : 1, "list_hybridcars" : 1, "list_ibdcrohns" : 1, "list_ibs" : 1, "list_icecream" : 1, "list_idtheft" : 1, "list_im" : 1, "list_importexport" : 1, "list_impuestos" : 1, "list_indianfood" : 1, "list_infectiousdiseases" : 1, "list_ingles" : 1, "list_inmigracion" : 1, "list_insects" : 1, "list_insurance" : 1, "list_insurancecompanyreviews" : 1, "list_internationalinvest" : 1, "list_internships" : 1, "list_ipad" : 1, "list_iphone" : 1, "list_ipod" : 1, "list_islam" : 1, "list_jacksonville" : 1, "list_japanese" : 1, "list_jardin" : 1, "list_jardinesyplantas" : 1, "list_java" : 1, "list_javascript" : 1, "list_jazz" : 1, "list_jeans" : 1, "list_journalism" : 1, "list_juegos" : 1, "list_juguetes" : 1, "list_juicing" : 1, "list_kansascity" : 1, "list_kidmoney" : 1, "list_kidneydisease" : 1, "list_kidsactivities" : 1, "list_kidsclubs" : 1, "list_kidscooking" : 1, "list_kidsfashion" : 1, "list_kidsmusic" : 1, "list_kidsparties" : 1, "list_kidstvmovies" : 1, "list_kitchens" : 1, "list_ladiabetes" : 1, "list_landlords" : 1, "list_latinamericanhistory" : 1, "list_latinmusic" : 1, "list_laundry" : 1, "list_law" : 1, "list_lawncare" : 1, "list_lawschool" : 1, "list_learningdisabilities" : 1, "list_leftovers" : 1, "list_legalcareers" : 1, "list_lenceria" : 1, "list_lesbianas" : 1, "list_leukemia" : 1, "list_leyendas" : 1, "list_libros" : 1, "list_lighting" : 1, "list_lingerie" : 1, "list_linux" : 1, "list_literatura" : 1, "list_literaturainfantil" : 1, "list_livingrooms" : 1, "list_localfoods" : 1, "list_logging" : 1, "list_logistics" : 1, "list_longevity" : 1, "list_losangeles" : 1, "list_lost" : 1, "list_lowcaloriecooking" : 1, "list_lowcarbdiets" : 1, "list_lungcancer" : 1, "list_lupus" : 1, "list_luxurycars" : 1, "list_luxurytravel" : 1, "list_lymphoma" : 1, "list_macrobiotic" : 1, "list_macs" : 1, "list_makeup" : 1, "list_mamalatina" : 1, "list_mandarin" : 1, "list_manga" : 1, "list_manhattan" : 1, "list_manualidades" : 1, "list_manufacturedhomes" : 1, "list_maquillaje" : 1, "list_marijuana" : 1, "list_marinelife" : 1, "list_maritime" : 1, "list_marketing" : 1, "list_marketresearch" : 1, "list_marriage" : 1, "list_martialarts" : 1, "list_maternity" : 1, "list_math" : 1, "list_meatandwildgame" : 1, "list_media" : 1, "list_mediacareers" : 1, "list_medicaloffice" : 1, "list_medicalsupplies" : 1, "list_medicaltourism" : 1, "list_memphis" : 1, "list_menopause" : 1, "list_mensfashion" : 1, "list_menshair" : 1, "list_menshealth" : 1, "list_middleeast" : 1, "list_mideastfood" : 1, "list_milesandpoints" : 1, "list_militaryfamily" : 1, "list_mining" : 1, "list_minivans" : 1, "list_miscarriage" : 1, "list_mobiledevices" : 1, "list_mobilegames" : 1, "list_mobileoffice" : 1, "list_modafamosos" : 1, "list_modavintage" : 1, "list_modeling" : 1, "list_modeltrains" : 1, "list_momrecommends" : 1, "list_moneyfor20s" : 1, "list_moneyover55" : 1, "list_montreal" : 1, "list_moroccanfood" : 1, "list_motivacion" : 1, "list_motos" : 1, "list_moving" : 1, "list_muebles" : 1, "list_multiculturalbeauty" : 1, "list_municipalcareers" : 1, "list_museumtravel" : 1, "list_musica" : 1, "list_musicacristiana" : 1, "list_musicadelmundo" : 1, "list_musicaelectronica" : 1, "list_musicamexicana" : 1, "list_musiced" : 1, "list_mustangs" : 1, "list_nails" : 1, "list_needlepoint" : 1, "list_negocios" : 1, "list_neurology" : 1, "list_newlyweds" : 1, "list_neworleans" : 1, "list_newtech" : 1, "list_nonprofit" : 1, "list_novelas" : 1, "list_nuevaera" : 1, "list_nursery" : 1, "list_nutrition" : 1, "list_oakland" : 1, "list_obesity" : 1, "list_obstacleracing" : 1, "list_ocd" : 1, "list_office" : 1, "list_okc" : 1, "list_onlinebusiness" : 1, "list_opensource" : 1, "list_operationstech" : 1, "list_oprah" : 1, "list_options" : 1, "list_orangecounty" : 1, "list_organic" : 1, "list_organicgardening" : 1, "list_origami" : 1, "list_osteoarthritis" : 1, "list_osteoporosis" : 1, "list_outsourcing" : 1, "list_ovariancancer" : 1, "list_overlandtravel" : 1, "list_paddling" : 1, "list_pain" : 1, "list_paintball" : 1, "list_palmtops" : 1, "list_parejas" : 1, "list_parentinginschools" : 1, "list_parkinsons" : 1, "list_parquesdediversion" : 1, "list_patients" : 1, "list_pcos" : 1, "list_pcsupport" : 1, "list_peliculas" : 1, "list_pelo" : 1, "list_performingarts" : 1, "list_perl" : 1, "list_perros" : 1, "list_personalinsure" : 1, "list_personalorganizing" : 1, "list_pestcontrol" : 1, "list_petcare" : 1, "list_petite" : 1, "list_petshops" : 1, "list_petsupplies" : 1, "list_pharma" : 1, "list_pharmacy" : 1, "list_philadelphia" : 1, "list_philadelphiaeagles" : 1, "list_philosophy" : 1, "list_phobias" : 1, "list_phoenix" : 1, "list_photography" : 1, "list_php" : 1, "list_pilates" : 1, "list_pittsburgh" : 1, "list_plasticsurgery" : 1, "list_plays" : 1, "list_plumbing" : 1, "list_plussize" : 1, "list_pms" : 1, "list_podcasting" : 1, "list_poesia" : 1, "list_poker" : 1, "list_politica" : 1, "list_poolandpatio" : 1, "list_postres" : 1, "list_pottery" : 1, "list_powerboat" : 1, "list_preemies" : 1, "list_preschoolers" : 1, "list_presentationsoft" : 1, "list_privacy" : 1, "list_privatejettravel" : 1, "list_privateschool" : 1, "list_prom" : 1, "list_prowrestling" : 1, "list_psoriasis" : 1, "list_psp" : 1, "list_psychology" : 1, "list_ptsd" : 1, "list_publictransport" : 1, "list_punkmusic" : 1, "list_puppies" : 1, "list_python" : 1, "list_queens" : 1, "list_racquet" : 1, "list_raleighdurham" : 1, "list_randb" : 1, "list_rarediseases" : 1, "list_realestate" : 1, "list_recetasfiestas" : 1, "list_recetasninos" : 1, "list_recycling" : 1, "list_redessociales" : 1, "list_reglasespanol" : 1, "list_remediosnaturales" : 1, "list_renotahoe" : 1, "list_resorts" : 1, "list_restaurants" : 1, "list_retail" : 1, "list_rock" : 1, "list_rockenespanol" : 1, "list_romancenovels" : 1, "list_ropaninos" : 1, "list_rubberstamping" : 1, "list_ruby" : 1, "list_rugby" : 1, "list_rugsandcarpets" : 1, "list_running" : 1, "list_rvtravel" : 1, "list_sacramento" : 1, "list_sales" : 1, "list_salescareers" : 1, "list_saltlakecity" : 1, "list_saludinfantil" : 1, "list_saludreproductiva" : 1, "list_sanantonio" : 1, "list_sandwiches" : 1, "list_santarosa" : 1, "list_saveenergy" : 1, "list_scandal" : 1, "list_scandinavianfood" : 1, "list_schizophrenia" : 1, "list_seniorhealth" : "1", "list_seniortravel" : 1, "list_sexo" : 1, "list_sexuality" : 1, "list_shortstories" : 1, "list_sikhism" : 1, "list_singing" : 1, "list_singleparents" : 1, "list_singlestravel" : 1, "list_skincancer" : 1, "list_skincare" : 1, "list_smallfarm" : 1, "list_smallspaces" : 1, "list_smartphones" : 1, "list_sneakers" : 1, "list_socialanxietydisorder" : 1, "list_socialinvesting" : 1, "list_sociology" : 1, "list_southamericanfood" : 1, "list_southeastasianfood" : 1, "list_spanishfood" : 1, "list_spas" : 1, "list_spicyfood" : 1, "list_sportscards" : 1, "list_sportscareers" : 1, "list_sportsfantravel" : 1, "list_sportsgambling" : 1, "list_spreadsheets" : 1, "list_statistics" : 1, "list_stayathomedads" : 1, "list_stayathomemoms" : 1, "list_std" : 1, "list_stress" : 1, "list_stroke" : 1, "list_sugarfreecooking" : 1, "list_surgery" : 1, "list_sustainability" : 1, "list_suvs" : 1, "list_swimwear" : 1, "list_tabletas" : 1, "list_taoism" : 1, "list_tatuajes" : 1, "list_teaching" : 1, "list_teatro" : 1, "list_teenfashion" : 1, "list_teenhealth" : 1, "list_tejer" : 1, "list_tendenciasweb" : 1, "list_tenis" : 1, "list_terrorism" : 1, "list_testprep" : 1, "list_thaifood" : 1, "list_tires" : 1, "list_toronto" : 1, "list_tourism" : 1, "list_toys" : 1, "list_trabajo" : 1, "list_trackandfield" : 1, "list_traduccion" : 1, "list_travelagents" : 1, "list_travelinsurance" : 1, "list_traveltech" : 1, "list_treesandshrubs" : 1, "list_turkishfood" : 1, "list_tv" : 1, "list_tvcomedies" : 1, "list_tvdramas" : 1, "list_tweenparenting" : 1, "list_type1diabetes" : 1, "list_universo" : 1, "list_urology" : 1, "list_usatravel" : 1, "list_useconomy" : 1, "list_usedcars" : 1, "list_usparks" : 1, "list_vacationhomes" : 1, "list_vacationrentals" : 1, "list_vancouver" : 1, "list_vegan" : 1, "list_vegetales" : 1, "list_vidasana" : 1, "list_vidaverde" : 1, "list_videojuegos" : 1, "list_vintageclothing" : 1, "list_vision" : 1, "list_visualbasic" : 1, "list_voip" : 1, "list_warmovies" : 1, "list_weapons" : 1, "list_weather" : 1, "list_webdesign" : 1, "list_webhosting" : 1, "list_webtrends" : 1, "list_weddingtraditions" : 1, "list_weightloss" : 1, "list_weighttraining" : 1, "list_weirdandamazingtravel" : 1, "list_wholesalers" : 1, "list_wills" : 1, "list_windowsespanol" : 1, "list_womeninbusiness" : 1, "list_womenshair" : 1, "list_womenshealth" : 1, "list_wordprocessing" : 1, "list_workathomemoms" : 1, "list_workingmoms" : 1, "list_worldfestivaltravel" : 1, "list_worldmusic" : 1, "list_worldnews" : 1, "list_yoga" : 1, "list_youngadultbooks" : 1, "list_zapatos" : 1, "losangeles" : "", "milwaukee" : "", "minneapolis" : "", "moneysl" : 1, "music_mailing" : 1, "music_topic" : "Dance Music", "musicsl" : 1, "needlepoint" : "", "needlesl" : "1", "neworleans" : "", "newzealand" : "", "oakland" : "", "orangecounty" : "", "petsl" : "1", "program_group" : 1, "programsl" : 1, "raleighdurham" : "", "sanantonio" : "", "santarosa" : "", "spanish_group" : 1, "specialmailing" : 1, "specsportssl" : "0", "stylensl" : "1", "teenlifesl" : 1, "test_group" : 4, "thisweeksl" : 1, "todaysl" : 1, "topic" : "Adventure Travel", "toronto" : "", "travegetsl" : 1, "travel_new" : 1, "travelgetsl" : 1, "usparks" : "", "vgmailing" : 1, "videogamessl" : 1, "welcome_received" : 1, "calcount" : "1", "userId" : 2002598472, "screenName" : "abttestacct", "fullName" : "first_name last_name", "created" : "9/25/14", "lastLogin" : "9/25/14", "lastPostDate" : "9/25/14", "forumName_1" : "Smoking Cessation Forum", "forumName_10" : "", "forumName_11" : "", "forumName_12" : "", "forumName_13" : "", "forumName_14" : "", "forumName_15" : "", "forumName_16" : "", "forumName_17" : "", "forumName_18" : "", "forumName_19" : "", "site_or_channel_6" : "", "expert_name6" : "#N/A", "site_name6" : "#N/A", "site_or_channel_7" : "", "expert_name7" : "#N/A", "site_name7" : "#N/A", "site_or_channel_8" : "", "expert_name8" : "#N/A", "site_name8" : "#N/A", "expert_name3" : "#N/A", "site_name3" : "#N/A", "site_or_channel_4" : "", "expert_name4" : "#N/A", "site_name4" : "#N/A", "site_or_channel_5" : "", "expert_name5" : "#N/A", "site_name5" : "#N/A", "site_name17" : "#N/A", "site_or_channel_18" : "", "expert_name18" : "#N/A", "site_name18" : "#N/A", "site_or_channel_19" : "", "expert_name19" : "#N/A", "site_name19" : "#N/A", "site_or_channel_2" : "homegarden", "expert_name2" : "#N/A", "site_name2" : "#N/A", "site_or_channel_20" : "", "expert_name20" : "#N/A", "site_name20" : "#N/A", "site_or_channel_3" : "", "forumName_2" : "Home Zone Test Forum", "forumName_20" : "", "forumName_3" : "", "forumName_4" : "", "forumName_5" : "", "forumName_6" : "", "forumName_7" : "", "forumName_8" : "", "forumName_9" : "", "site_or_channel_1" : "quitsmoking", "expert_name1" : "Terry Martin", "site_name1" : "Smoking Cessation", "site_or_channel_10" : "", "expert_name10" : "#N/A", "site_name10" : "#N/A", "site_or_channel_11" : "", "expert_name11" : "#N/A", "site_name11" : "#N/A", "site_or_channel_12" : "", "expert_name12" : "#N/A", "site_name12" : "#N/A", "site_or_channel_13" : "", "expert_name13" : "#N/A", "site_name13" : "#N/A", "site_or_channel_14" : "", "expert_name14" : "#N/A", "site_name14" : "#N/A", "site_or_channel_15" : "", "expert_name15" : "#N/A", "site_name15" : "#N/A", "site_or_channel_16" : "", "expert_name16" : "#N/A", "site_name16" : "#N/A", "site_or_channel_17" : "", "expert_name17" : "#N/A", "specialtyd" : "1", "internationalc" : "1", "artscraftsl" : "1", "collectsl" : "1", "homerenosl" : "1", "gardeningsl" : "1", "healthtipsl" : "1" }, "create_date" : "2014-05-05T11:46:02", "total_opens" : 451, "total_clicks" : 89, "total_unique_opens" : 256, "total_unique_clicks" : 31, "total_pageviews" : 3445, "total_messages" : 68348, "last_open" : "2016-03-29T11:17:02", "last_click" : "2016-03-29T11:17:15", "last_pageview" : "2016-04-01T11:31:53", "id" : "5367b23af9c510f432f75c24" }
{ "browser" : { "Firefox" : 377 }, "email" : "<person@email.com>", "geo" : { "city" : { "Princeton, NJ US" : 310, "Trenton, NJ US" : 54 }, "count" : 364, "country" : { "US" : 364 }, "state" : { "NJ US" : 364 }, "zip" : { "08540 US" : 310, "08611 US" : 54 } }, "lists_signup" : { "AT Optin" : "2014-09-29T12:04:47", "AT Persado Control Group" : "2014-05-07T12:54:54", "AT Persado PT2 Control Group" : "2014-05-07T12:54:54", "Today" : "2014-05-07T12:54:54", "Today Group 2" : "2014-05-07T12:54:54", "Today Group 2a" : "2014-05-07T12:54:54", "Today Group 2b" : "2014-05-07T12:54:54", "Aboutcom Master List" : "2014-05-07T12:54:54.052", "Jess Delta Test" : "2014-05-07T12:54:54", "Jess Delta Test v 2" : "2014-05-07T12:54:54", "Jess delta test" : "2014-05-07T12:54:54", "List Scrub - 9" : "2014-05-07T12:54:54", "List Scrub - Good Emails" : "2014-12-19T18:16:34", "Travel - Product Test 2" : "2014-05-07T12:54:54", "Travel Full List - No additions" : "2014-05-07T12:54:54", "Travel Group 1" : "2014-06-13T16:10:32.362", "Travel Group 2" : "2014-05-07T12:54:54", "Travel Product Test 3a" : "2014-05-07T12:54:54", "Travel Questions - BF" : "2014-05-14T12:32:47.082", "jess delta test" : "2014-05-07T12:54:54", "stSuppressKillerPins040315" : "2015-04-03T16:48:35", "stTestSegment1" : "2014-06-13T16:27:55.749", "travel export" : "2014-05-07T12:54:54", "AT Persado PT3 - Control" : "2014-05-07T12:54:54", "AT Persado PT4 Control" : "2014-05-07T12:54:54", "Organized - Fridge Snacks AT" : "2015-06-25T10:29:32", "Cat Test - Non openers 724" : "2015-07-24T15:30:36", "AT_ICYMI" : "2014-05-07T12:54:54", "travelpersado" : "2014-05-07T12:54:54", "Travel8/7 Group4" : "2014-05-07T12:54:54", "ROD10_15" : "2014-05-07T12:54:54", "Food Addition One Time Mailing" : "2014-05-07T12:54:54", "Today Creative Test D" : "2014-05-07T12:54:54" }, "optout_reason" : null, "optout_time" : null, "signup_time" : "2014-05-07T12:54:54.052", "vars" : { "Group" : 3, "group" : 9, "list_americanfood" : 1, "list_civilliberty" : 1, "list_politicalhumor" : 1, "list_urbanlegends" : 1, "list_usgovinfo" : 1, "test_group" : "B", "thisweeksl" : 1, "todaysl" : 1, "travegetsl" : 1, "travelgetsl" : 1, "welcome_received" : 1, "fooddrinksl" : "1" }, "create_date" : "2014-05-07T12:54:54", "total_opens" : 334, "total_clicks" : 377, "total_unique_opens" : 315, "total_unique_clicks" : 263, "total_pageviews" : 913, "total_messages" : 1637, "last_open" : "2016-03-31T10:39:06", "last_click" : "2016-03-31T10:41:19", "last_pageview" : "2016-03-31T10:41:28", "id" : "536a655ef9c510f432fa65a3" }
{ "browser" : { "Safari" : 108, "iPad" : 7, "iPhone" : 58 }, "email" : "<person@email.com>", "geo" : { "city" : { "Bradenton, FL US" : 3, "Grass Valley, CA US" : 1, "Hayward, CA US" : 4, "Menlo Park, CA US" : 4, "Milpitas, CA US" : 13, "Oakland, CA US" : 3, "Saint Petersburg, FL US" : 1, "San Francisco, CA US" : 2, "South Gate, CA US" : 1, "Sunnyvale, CA US" : 99, "Sylmar, CA US" : 1, "Tavares, FL US" : 1, "Santa Clara, CA US" : 5, "Las Vegas, NV US" : 1, "Reno, NV US" : 2 }, "count" : 166, "country" : { "US" : 166 }, "state" : { "CA US" : 136, "FL US" : 6, "NV US" : 3, "NC US" : 1 }, "zip" : { "32778 US" : 1, "34209 US" : 3, "90280 US" : 1, "91342 US" : 1, "94086 US" : 99, "94102 US" : 1, "94612 US" : 1, "95945 US" : 1, "94544 US" : 1, "95050 US" : 5, "95035 US" : 12, "89109 US" : 1, "94109 US" : 1, "94621 US" : 1, "89501 US" : 2 } }, "lists_signup" : { "Today Group 2" : "2014-05-07T12:54:54", "Aboutcom Master List" : "2014-05-07T12:54:54.063", "DELETE TEST" : "2014-05-07T12:54:54", "List Scrub - 3" : "2014-05-07T12:54:54", "List Scrub - Suspect Emails" : "2014-12-14T09:31:14", "Summer Reading  - GP1" : "2014-05-07T12:54:54", "Summer Reading  - GP2" : "2014-05-07T12:54:54", "Travel - Product Test 2" : "2014-05-07T12:54:54", "Travel Full List - No additions" : "2014-05-07T12:54:54", "Travel Group 1" : "2014-06-20T14:10:27.330", "Travel Group 2" : "2014-05-07T12:54:54", "Travel Product Test 3a" : "2014-05-07T12:54:54", "Travel Questions - BF" : "2014-05-14T12:32:49.761", "entertainment combine" : "2014-05-07T12:54:54", "jess delta test" : "2014-05-07T12:54:54", "stSuppressKillerPins040315" : "2015-04-03T17:08:47", "stTestSegment2" : "2014-05-07T12:54:54", "travel export" : "2014-05-07T12:54:54", "travelpersado" : "2014-05-07T12:54:54", "Travel8/7 Group4" : "2014-05-07T12:54:54", "Forum Shutdown" : "2015-10-02T15:53:01", "Forum Remainder" : "2014-05-07T12:54:54", "ROD10_15" : "2014-05-07T12:54:54", "ENT10_15" : "2014-05-07T12:54:54", "ENT10_15Group4" : "2014-05-07T12:54:54" }, "optout_reason" : null, "optout_time" : null, "signup_time" : "2014-05-07T12:54:54.063", "vars" : { "Group" : 3, "artcraftsl" : null, "autosl" : null, "booksl" : "1", "bookssl" : 1, "calcount" : null, "computersl" : null, "electronsl" : null, "entertainment" : "1", "familysl" : null, "fitsl" : null, "fooddrinksl" : null, "group" : 2, "healthsl" : null, "househomesl" : null, "list_bipolar" : 1, "list_goparis" : 1, "moneysl" : null, "musicsl" : null, "needlesl" : null, "programsl" : null, "teenlifesl" : null, "test_group" : "B", "todaysl" : null, "travegetsl" : 1, "travelgetsl" : "1", "videogamessl" : null, "welcome_received" : 1, "userId" : 1844712751, "screenName" : "egoknar", "fullName" : "first_name last_name", "created" : "1/5/07", "lastLogin" : "9/12/11", "lastPostDate" : "", "forumName_1" : "Freelance Writers Free Forum", "forumName_10" : "", "forumName_11" : "", "forumName_12" : "", "forumName_13" : "", "forumName_14" : "", "forumName_15" : "", "forumName_16" : "", "forumName_17" : "", "forumName_18" : "", "forumName_19" : "", "site_name17" : "#N/A", "site_or_channel_18" : "", "expert_name18" : "#N/A", "site_name18" : "#N/A", "site_or_channel_19" : "", "expert_name19" : "#N/A", "site_name19" : "#N/A", "site_or_channel_2" : "", "expert_name2" : "#N/A", "site_name2" : "#N/A", "site_or_channel_20" : "", "expert_name20" : "#N/A", "site_name20" : "#N/A", "site_or_channel_3" : "", "forumName_2" : "", "forumName_20" : "", "forumName_3" : "", "forumName_4" : "", "forumName_5" : "", "forumName_6" : "", "forumName_7" : "", "forumName_8" : "", "forumName_9" : "", "site_or_channel_1" : "freelancewrite", "expert_name1" : "Allena Tapia", "site_name1" : "Freelance Writing", "site_or_channel_10" : "", "expert_name10" : "#N/A", "site_name10" : "#N/A", "site_or_channel_11" : "", "expert_name11" : "#N/A", "site_name11" : "#N/A", "site_or_channel_12" : "", "expert_name12" : "#N/A", "site_name12" : "#N/A", "site_or_channel_13" : "", "expert_name13" : "#N/A", "site_name13" : "#N/A", "site_or_channel_14" : "", "expert_name14" : "#N/A", "site_name14" : "#N/A", "site_or_channel_15" : "", "expert_name15" : "#N/A", "site_name15" : "#N/A", "site_or_channel_16" : "", "expert_name16" : "#N/A", "site_name16" : "#N/A", "site_or_channel_17" : "", "expert_name17" : "#N/A", "expert_name3" : "#N/A", "site_name3" : "#N/A", "site_or_channel_4" : "", "expert_name4" : "#N/A", "site_name4" : "#N/A", "site_or_channel_5" : "", "expert_name5" : "#N/A", "site_name5" : "#N/A", "site_or_channel_6" : "", "expert_name6" : "#N/A", "site_name6" : "#N/A", "site_or_channel_7" : "", "expert_name7" : "#N/A", "site_name7" : "#N/A", "site_or_channel_8" : "", "expert_name8" : "#N/A", "site_name8" : "#N/A" }, "create_date" : "2014-05-07T12:54:54", "total_opens" : 1039, "total_clicks" : 173, "total_unique_opens" : 549, "total_unique_clicks" : 136, "total_pageviews" : 724, "total_messages" : 1140, "last_open" : "2016-04-01T13:05:39", "last_click" : "2016-03-31T17:30:13", "last_pageview" : "2016-03-31T17:30:19", "id" : "536a655ef9c510f432fa65a5" }
{ "browser" : { "Internet Explorer" : 653 }, "email" : "<person@email.com>", "geo" : { "city" : { "Pittsburgh, PA US" : 598 }, "count" : 598, "country" : { "US" : 598 }, "state" : { "PA US" : 598 }, "zip" : { "15201 US" : 56, "15227 US" : 1, "15258 US" : 20, "15222 US" : 220, "15203 US" : 108, "15211 US" : 18, "15212 US" : 53 } }, "lists_signup" : { "Today Group 2" : "2014-05-07T12:54:54", "Aboutcom Master List" : "2014-05-07T12:54:54.070", "List Scrub - 4" : "2014-05-07T12:54:54", "List Scrub - Good Emails" : "2014-12-14T00:55:07", "Travel - Product Test" : "2014-05-07T12:54:54", "Travel - Product Test 2" : "2014-05-07T12:54:54", "Travel Full List - No additions" : "2014-05-07T12:54:54", "Travel Group 1" : "2014-06-27T11:35:10.639", "Travel Product Test 3a" : "2014-05-07T12:54:54", "stSuppressKillerPins040315" : "2015-04-03T17:04:16", "stTestSegment1" : "2014-06-13T16:28:33.315", "travel export" : "2014-05-07T12:54:54", "travelpersado" : "2014-05-07T12:54:54", "Travel8/7 Group2" : "2014-05-07T12:54:54", "Forum Remainder" : "2014-05-07T12:54:54", "ROD10_15" : "2014-05-07T12:54:54" }, "optout_reason" : null, "optout_time" : null, "signup_time" : "2014-05-07T12:54:54.070", "vars" : { "artcraftsl" : null, "autosl" : null, "booksl" : null, "calcount" : null, "computersl" : null, "electronsl" : null, "familysl" : null, "fitsl" : null, "fooddrinksl" : null, "group" : 9, "healthsl" : null, "househomesl" : null, "list_goeurope" : 1, "list_golondon" : 1, "list_goparis" : 1, "moneysl" : null, "musicsl" : null, "needlesl" : null, "programsl" : null, "teenlifesl" : null, "test_group" : "", "todaysl" : null, "travegetsl" : 1, "travelgetsl" : "1", "videogamessl" : null, "welcome_received" : 1 }, "create_date" : "2014-05-07T12:54:54", "total_opens" : 2338, "total_clicks" : 653, "total_unique_opens" : 632, "total_unique_clicks" : 303, "total_pageviews" : 813, "total_messages" : 780, "last_open" : "2016-04-01T10:46:29", "last_click" : "2016-03-29T11:44:26", "last_pageview" : "2016-03-29T11:44:38", "id" : "536a655ef9c510f432fa65a6" }
{ "browser" : { "Other" : 16, "iPad" : 77 }, "email" : "<person@email.com>", "geo" : { "city" : { "Aradippou, 03 CY" : 1, "Limassol, 05 CY" : 16, "Nicosia, 04 CY" : 38 }, "count" : 86, "country" : { "CY" : 86 }, "state" : { "03 CY" : 1, "04 CY" : 38, "05 CY" : 16 } }, "lists_signup" : { "AT Persado Control Group" : "2014-05-07T12:54:54", "AT Persado PT2 Control Group" : "2014-05-07T12:54:54", "Today Group 2" : "2014-05-07T12:54:54", "Aboutcom Master List" : "2014-05-07T12:54:54.085", "List Scrub - 8" : "2014-05-07T12:54:54", "List Scrub - Good Emails" : "2014-12-18T18:49:23", "Travel Full List - No additions" : "2014-05-07T12:54:54", "Travel Group 1" : "2014-06-27T11:34:13.738", "Travel Group 2" : "2014-05-07T12:54:54", "Travel Product Test 3a" : "2014-05-07T12:54:54", "Travel Questions - OG" : "2014-05-14T12:33:15.831", "jess delta test" : "2014-05-07T12:54:54", "stSuppressKillerPins040315" : "2015-04-03T17:01:58", "stTestSegment2" : "2014-05-07T12:54:54", "travel export" : "2014-05-07T12:54:54", "AT Persado PT3 - Control" : "2014-05-07T12:54:54", "AT Persado PT4 Control" : "2014-05-07T12:54:54", "Organized - Google AT" : "2015-06-25T11:26:32", "AT 7/23 Non-openers" : "2015-07-23T19:44:18", "AT_ICYMI" : "2014-05-07T12:54:54", "travelpersado" : "2014-05-07T12:54:54", "Travel8/7 Group2" : "2014-05-07T12:54:54", "Forum Remainder" : "2014-05-07T12:54:54", "ROD10_15" : "2014-05-07T12:54:54", "Today Creative Test 2" : "2014-05-07T12:54:54" }, "signup_time" : "2014-05-07T12:54:54.085", "vars" : { "Group" : 3, "group" : 9, "list_gomexico" : 1, "test_group" : "A", "todaysl" : 1, "travegetsl" : 1, "travelgetsl" : 1, "welcome_received" : 1, "wilatoday" : "1" }, "create_date" : "2014-05-07T12:54:54", "total_opens" : 1233, "total_clicks" : 93, "total_unique_opens" : 1138, "total_unique_clicks" : 73, "total_pageviews" : 114, "total_messages" : 1397, "last_open" : "2016-04-01T10:42:01", "last_click" : "2016-02-06T00:02:41", "last_pageview" : "2016-02-06T00:02:52", "id" : "536a655ef9c510f432fa65a9" }
{ "browser" : { "Android" : 15, "Chrome" : 325, "Android Tablet" : 3, "iPad" : 1 }, "email" : "<person@email.com>", "geo" : { "city" : { "Bend, OR US" : 2, "Mammoth Lakes, CA US" : 1, "Saint George, UT US" : 2, "San Diego, CA US" : 318, "Lake Elsinore, CA US" : 1 }, "count" : 328, "country" : { "US" : 328 }, "state" : { "CA US" : 320, "OR US" : 2, "UT US" : 2 }, "zip" : { "84770 US" : 2, "92101 US" : 122, "92107 US" : 194, "93546 US" : 1, "97701 US" : 2, "92103 US" : 2, "92530 US" : 1 } }, "lists_signup" : { "AT Optin" : "2014-09-29T11:46:03", "AT Persado Control Group" : "2014-05-07T12:54:54", "AT Persado PT2 Control Group" : "2014-05-07T12:54:54", "Today" : "2014-05-07T12:54:54", "Today Group 1" : "2014-06-30T09:39:31.946", "Today Group 2" : "2014-05-07T12:54:54", "Today Group 2a" : "2014-05-07T12:54:54", "Today Group 2b" : "2014-05-07T12:54:54", "Aboutcom Master List" : "2014-05-07T12:54:54.138", "Jess Delta Test" : "2014-05-07T12:54:54", "Jess Delta Test v 2" : "2014-05-07T12:54:54", "Jess delta test" : "2014-05-07T12:54:54", "List Scrub - 11" : "2014-05-07T12:54:54", "List Scrub - Good Emails" : "2014-12-21T15:29:11", "Travel - Product Test 2" : "2014-05-07T12:54:54", "Travel Full List - No additions" : "2014-05-07T12:54:54", "Travel Group 1" : "2014-06-27T11:33:51.288", "Travel Group 2" : "2014-05-07T12:54:54", "Travel Product Test 3a" : "2014-05-07T12:54:54", "Travel Questions - BF" : "2014-05-14T12:33:05.173", "jess delta test" : "2014-05-07T12:54:54", "stTestSegment1" : "2014-06-13T16:27:55.883", "travel export" : "2014-05-07T12:54:54", "AT Persado PT3 - Control" : "2014-05-07T12:54:54", "AT Persado PT4 Control" : "2014-05-07T12:54:54", "Organized - Fridge Snacks AT" : "2015-06-25T11:53:45", "AT_ICYMI" : "2014-05-07T12:54:54", "Net Promoter - 08132015" : "2014-05-07T12:54:54", "ROD10_15" : "2014-05-07T12:54:54", "Living Healthy Test Group" : "2014-05-07T12:54:54", "Living Healthy Test Group - b" : "2016-03-07T17:32:54", "Belsomra Full List" : "2014-05-07T12:54:54" }, "optout_reason" : null, "optout_time" : null, "signup_time" : "2014-05-07T12:54:54.138", "vars" : { "Group" : 3, "artcraftsl" : null, "autosl" : null, "booksl" : null, "calcount" : "1", "computersl" : null, "eattolive" : "1", "electronsl" : null, "familysl" : null, "fitsl" : null, "fooddrinksl" : null, "group" : 9, "healthsl" : null, "househomesl" : null, "list_adventuretravel" : "1", "list_gospain" : "0", "moneysl" : null, "musicsl" : null, "needlesl" : null, "programsl" : null, "teenlifesl" : null, "test_group" : "B", "todaysl" : "1", "travegetsl" : 1, "travelgetsl" : null, "videogamessl" : null, "welcome_received" : 1 }, "create_date" : "2014-05-07T12:54:54", "total_opens" : 1529, "total_clicks" : 344, "total_unique_opens" : 1232, "total_unique_clicks" : 233, "total_pageviews" : 497, "total_messages" : 1583, "last_open" : "2016-04-01T09:53:35", "last_click" : "2016-04-01T10:11:48", "last_pageview" : "2016-04-01T10:11:49", "id" : "536a655ef9c510f432fa65b3" }
{ "browser" : { "Android" : 1, "Firefox" : 131, "iPhone" : 4 }, "email" : "<person@email.com>", "geo" : { "city" : { "Bagumbayan, 05 PH" : 1, "Cainta, 53 PH" : 9, "Mandaluyong City, D9 PH" : 27, "Mandaluyong, D9 PH" : 10, "Pasig City, D9 PH" : 7, "Pasig, 50 PH" : 4, "Pasig, D9 PH" : 20, "Quezon City, F2 PH" : 23, "San Juan, D9 PH" : 6, "Ugong Norte, F2 PH" : 4, "Manila, D9 PH" : 8, "Taytay, 53 PH" : 7, "Valenzuela, D9 PH" : 1 }, "count" : 127, "country" : { "PH" : 127 }, "state" : { "05 PH" : 1, "50 PH" : 4, "53 PH" : 16, "D9 PH" : 79, "F2 PH" : 27 }, "zip" : { "1900 PH" : 6, "1006 PH" : 8, "1602 PH" : 15, "1920 PH" : 7, "0860 PH" : 2, "1502 PH" : 13, "1101 PH" : 5, "1551 PH" : 1, "1553 PH" : 1 } }, "lists_signup" : { "AT Optin" : "2014-09-29T13:46:32", "AT Persado Control Group" : "2014-05-07T12:54:54", "AT Persado PT2 Control Group" : "2014-05-07T12:54:54", "Today" : "2014-05-07T12:54:54", "Today Group 1" : "2014-07-03T09:22:17.077", "Today Group 2" : "2014-05-07T12:54:54", "Today Group 2b" : "2014-05-07T12:54:54", "Aboutcom Master List" : "2014-05-07T12:54:54.159", "BBH Full" : "2014-05-07T12:54:54", "BBH1" : "2014-08-29T19:21:44", "Breakfast - GP6" : "2014-05-07T12:54:54", "Food Coconuts - GP1" : "2014-05-07T12:54:54", "HE - Group 4" : "2014-05-07T12:54:54", "Health 6" : "2014-05-07T12:54:54", "Health Full" : "2014-05-07T12:54:54", "Health Full 2" : "2014-05-07T12:54:54", "Jess Delta Test" : "2014-05-07T12:54:54", "Jess Delta Test v 2" : "2014-05-07T12:54:54", "Jess delta test" : "2014-05-07T12:54:54", "Jess_Healthy Eating 1120" : "2014-11-20T16:51:18", "List Scrub - 12" : "2014-05-07T12:54:54", "List Scrub - Good Emails" : "2014-12-21T17:12:22", "Painting - GP2" : "2014-05-07T12:54:54", "Parenting - Group 4" : "2014-05-07T12:54:54", "Parenting - OG Sends" : "2014-05-07T12:54:54", "Thank You - GP2" : "2014-05-07T12:54:54", "Travel - Product Test 2" : "2014-05-07T12:54:54", "Travel Full List - No additions" : "2014-05-07T12:54:54", "Travel Group 1" : "2014-06-27T11:35:16.419", "Travel Group 2" : "2014-05-07T12:54:54", "Travel Product Test 3a" : "2014-05-07T12:54:54", "stSuppressKillerPins040315" : "2015-04-03T17:15:40", "stTestSegment1" : "2014-06-13T16:28:24.991", "travel export" : "2014-05-07T12:54:54", "AT Persado PT3 Group 4" : "2014-05-07T12:54:54", "Home - One Time" : "2014-05-07T12:54:54", "Staying Active - One Time" : "2014-05-07T12:54:54", "AT Persado PT4 Control" : "2014-05-07T12:54:54", "Food A/B Control" : "2014-05-07T12:54:54", "Organized - Fridge Snacks AT" : "2015-06-25T12:13:20", "Health Recipients - 7/21" : "2015-07-21T10:46:06", "AT 7/23 Non-openers" : "2015-07-23T20:30:21", "Cat Test - Non openers 724" : "2015-07-24T15:55:47", "AT_ICYMI" : "2014-05-07T12:54:54", "travelpersado" : "2014-05-07T12:54:54", "Travel8/7 Group2" : "2014-05-07T12:54:54", "homepin9_25" : "2014-05-07T12:54:54", "homepin9_25(Group2)" : "2014-05-07T12:54:54", "ROD10_15" : "2014-05-07T12:54:54", "Belsomra Full List" : "2014-05-07T12:54:54" }, "optout_reason" : null, "optout_time" : null, "signup_time" : "2014-05-07T12:54:54.159", "vars" : { "artcraftsl" : 1, "eathealthsl" : 1, "eattolive" : "1", "familysl" : 1, "fitsl" : 1, "fooddrinksl" : 1, "group" : 2, "healthsl" : 1, "househomesl" : 1, "list_interiordec" : 1, "test_group" : 4, "thisweeksl" : 1, "todaysl" : 1, "travegetsl" : 1, "travelgetsl" : 1, "welcome_received" : 1 }, "create_date" : "2014-05-07T12:54:54", "total_opens" : 237, "total_clicks" : 136, "total_unique_opens" : 223, "total_unique_clicks" : 67, "total_pageviews" : 128, "total_messages" : 3857, "last_open" : "2016-04-01T04:26:53", "last_click" : "2016-03-20T02:27:11", "last_pageview" : "2016-03-20T02:42", "id" : "536a655ef9c510f432fa65b7" }
{ "browser" : { "Chrome" : 528, "Firefox" : 1371, "Internet Explorer" : 306, "Other" : 36, "iPad" : 19, "iPhone" : 121, "Android" : 1085, "Opera Mini" : 7, "Android Tablet" : 138, "Safari" : 5, "Windows Tablet" : 3 }, "email" : "<person@email.com>", "geo" : { "city" : { "Anaheim, CA US" : 1, "Apo, AE US" : 78, "Chula Vista, CA US" : 27, "Dallas, TX US" : 28, "Imperial Beach, CA US" : 4, "Los Angeles, CA US" : 16, "San Francisco, CA US" : 53, "San Jose, CA US" : 2365, "Winter Park, FL US" : 17, "Woodbridge, NJ US" : 115, "Boca Raton, FL US" : 85, "Matawan, NJ US" : 39, "National City, CA US" : 12, "Spring Valley, CA US" : 1, "Elk Grove Village, IL US" : 7, "Tempe, AZ US" : 12, "Phoenix, AZ US" : 10, "La Mesa, CA US" : 2, "Dublin, 07 IE" : 3, "Sydney, 02 AU" : 2, "Wilmington, DE US" : 200, "Seattle, WA US" : 70, "Santa Fe Springs, CA US" : 3, "Tijuana, 02 MX" : 1 }, "count" : 3395, "country" : { "A1" : 17, "US" : 3372, "IE" : 3, "AU" : 2, "MX" : 1 }, "state" : { "AE US" : 78, "CA US" : 2518, "FL US" : 102, "NJ US" : 154, "TX US" : 28, "IL US" : 7, "AZ US" : 22, "07 IE" : 3, "02 AU" : 2, "DE US" : 200, "WA US" : 70, "02 MX" : 1 }, "zip" : { "07095 US" : 115, "09824 US" : 78, "32789 US" : 17, "91913 US" : 19, "91932 US" : 4, "95103 US" : 2330, "33431 US" : 85, "07747 US" : 39, "91950 US" : 12, "91912 US" : 6, "90011 US" : 2, "91977 US" : 1, "60007 US" : 7, "85281 US" : 12, "85034 US" : 10, "90041 US" : 1, "91941 US" : 1, "90013 US" : 6, "1001 AU" : 2, "90022 US" : 5, "91910 US" : 2, "19893 US" : 200, "98109 US" : 70, "91942 US" : 1, "90670 US" : 3, "92173 MX" : 1 } }, "lists_signup" : { "AT Persado Control Group" : "2014-05-07T12:54:54", "AT Persado PT2 Control Group" : "2014-05-07T12:54:54", "Today Group 2" : "2014-05-07T12:54:54", "Aboutcom Master List" : "2014-05-07T12:54:54.168", "List Scrub - 5" : "2014-05-07T12:54:54", "List Scrub - Good Emails" : "2014-12-14T12:44:10", "Travel - Product Test 2" : "2014-05-07T12:54:54", "Travel Full List - No additions" : "2014-05-07T12:54:54", "Travel Group 1" : "2014-06-20T14:09:50.530", "Travel Group 2" : "2014-05-07T12:54:54", "Travel Product Test 3a" : "2014-05-07T12:54:54", "stSuppressKillerPins040315" : "2015-04-03T17:04:21", "stTestSegment1" : "2014-06-13T16:27:58.870", "teen list" : "2014-05-07T12:54:54", "travel export" : "2014-05-07T12:54:54", "AT Persado PT3 - Control" : "2014-05-07T12:54:54", "AT Persado PT4 Control" : "2014-05-07T12:54:54", "Organized - Google AT" : "2015-06-25T11:59:22", "AT_ICYMI" : "2014-05-07T12:54:54", "travelpersado" : "2014-05-07T12:54:54", "Travel8/7 Group2" : "2014-05-07T12:54:54", "tech_0903" : "2014-05-07T12:54:54", "tech_0903Group2" : "2014-05-07T12:54:54", "ROD10_15" : "2014-05-07T12:54:54", "Today - Test Group" : "2014-05-07T12:54:54", "Today - Test Group Old" : "2016-03-07T09:51:27" }, "signup_time" : "2014-05-07T12:54:54.168", "vars" : { "computersl" : 1, "group" : 9, "list_inventors" : 1, "specsportssl" : 1, "stylensl" : "1", "teenlifesl" : 1, "test_group" : "", "todaysl" : 1, "travegetsl" : 1, "travelgetsl" : 1, "welcome_received" : 1 }, "create_date" : "2014-05-07T12:54:54", "total_opens" : 1297, "total_clicks" : 3619, "total_unique_opens" : 1157, "total_unique_clicks" : 358, "total_pageviews" : 207, "total_messages" : 2399, "last_open" : "2016-04-01T12:59:58", "last_click" : "2016-03-31T21:09:32", "last_pageview" : "2016-03-30T10:09:53", "id" : "536a655ef9c510f432fa65b9" }
{ "browser" : { "Chrome" : 570, "Other" : 2, "iPad" : 240, "iPhone" : 7, "Android" : 1 }, "email" : "<person@email.com>", "geo" : { "city" : { "Carmel, IN US" : 2, "Indianapolis, IN US" : 3, "Plainfield, IN US" : 758, "Seymour, IN US" : 1, "Wyoming, MI US" : 1, "Barrington, IL US" : 1, "Milwaukee, WI US" : 2, "Las Vegas, NV US" : 2 }, "count" : 773, "country" : { "US" : 773 }, "state" : { "IN US" : 764, "MI US" : 1, "IL US" : 1, "WI US" : 2, "NV US" : 2 }, "zip" : { "46168 US" : 758, "46268 US" : 1, "47274 US" : 1, "49519 US" : 1, "46224 US" : 2, "60010 US" : 1, "53270 US" : 2, "89101 US" : 2 } }, "lists_signup" : { "AT Persado Group 3" : "2014-05-07T12:54:54", "AT Persado PT2 Control Group" : "2014-05-07T12:54:54", "Today" : "2014-05-07T12:54:54", "Today Group 2" : "2014-05-07T12:54:54", "Aboutcom Master List" : "2014-05-07T12:54:54.174", "BBH Full" : "2014-05-07T12:54:54", "BBH1" : "2014-08-29T19:46:23", "Breakfast - GP1" : "2014-05-07T12:54:54", "HE - Group 4" : "2014-05-07T12:54:54", "Health 6" : "2014-05-07T12:54:54", "Health Full" : "2014-05-07T12:54:54", "Health Full 2" : "2014-05-07T12:54:54", "Jess Delta Test" : "2014-05-07T12:54:54", "Jess Delta Test v 2" : "2014-05-07T12:54:54", "Jess delta test" : "2014-05-07T12:54:54", "Jess_Healthy Eating 1120" : "2014-11-20T16:56:10", "List Scrub - 11" : "2014-05-07T12:54:54", "List Scrub - Suspect Emails" : "2014-12-21T15:14:29", "Music Group 2" : "2014-05-07T12:54:54", "Music S List" : "2014-08-07T15:16:32.433", "Music Suppression List" : "2014-08-07T13:53:10.904", "Travel - Product Test 2" : "2014-05-07T12:54:54", "Travel Full List - No additions" : "2014-05-07T12:54:54", "Travel Group 2" : "2014-05-07T12:54:54", "Travel Product Test 3a" : "2014-05-07T12:54:54", "entertainment combine" : "2014-05-07T12:54:54", "stSuppressKillerPins040315" : "2015-04-03T17:14:20", "stTestSegment2" : "2014-05-07T12:54:54", "travel export" : "2014-05-07T12:54:54", "AT Persado PT3 - Control" : "2014-05-07T12:54:54", "AT Persado PT4 Control" : "2014-05-07T12:54:54", "Organized - Google AT" : "2015-06-25T12:02:47", "Health Recipients - 7/21" : "2015-07-21T10:43:51", "AT 7/23 Non-openers" : "2015-07-23T20:22:22", "AT_ICYMI" : "2014-05-07T12:54:54", "travelpersado" : "2014-05-07T12:54:54", "Travel8/7 Group3" : "2014-05-07T12:54:54", "ROD10_15" : "2014-05-07T12:54:54", "ENT10_15" : "2014-05-07T12:54:54", "ENT10_15Group1" : "2014-05-07T12:54:54", "Belsomra Full List" : "2014-05-07T12:54:54" }, "signup_time" : "2014-05-07T12:54:54.174", "vars" : { "eathealthsl" : 1, "eattolive" : "1", "entertainment" : "1", "group" : 2, "healthsl" : 1, "musicsl" : 1, "test_group" : 4, "thisweeksl" : 1, "todaysl" : 1, "travegetsl" : 1, "travelgetsl" : 1, "welcome_received" : 1 }, "create_date" : "2014-05-07T12:54:54", "total_opens" : 2263, "total_clicks" : 820, "total_unique_opens" : 1505, "total_unique_clicks" : 609, "total_pageviews" : 1223, "total_messages" : 2125, "last_open" : "2016-04-01T06:37:58", "last_click" : "2016-03-30T21:41:37", "last_pageview" : "2016-03-30T21:41:44", "id" : "536a655ef9c510f432fa65ba" }
{ "browser" : { "Firefox" : 2, "Other" : 1, "iPad" : 102, "iPhone" : 108 }, "email" : "<person@email.com>", "geo" : { "city" : { "Abu Dhabi, 01 AE" : 4, "Baltimore, MD US" : 2, "Brooklyn, NY US" : 1, "Cape Coral, FL US" : 40, "Coatesville, PA US" : 96, "Naples, FL US" : 56, "Phoenixville, PA US" : 2, "Chicago, IL US" : 3, "Sankt Wolfgang, 02 DE" : 1, "Royersford, PA US" : 1, "Philadelphia, PA US" : 2 }, "count" : 210, "country" : { "AE" : 4, "US" : 205, "DE" : 1 }, "state" : { "01 AE" : 4, "FL US" : 97, "MD US" : 2, "NY US" : 1, "PA US" : 101, "IL US" : 3, "02 DE" : 1 }, "zip" : { "11225 US" : 1, "19320 US" : 96, "19460 US" : 2, "21224 US" : 1, "21276 US" : 1, "33914 US" : 31, "34119 US" : 56, "60602 US" : 3, "84427 DE" : 1, "19468 US" : 1, "19107 US" : 1, "19139 US" : 1, "33904 US" : 9 } }, "lists_signup" : { "AT Gmail Openers" : "2014-05-07T12:54:54", "AT Persado Group 4" : "2014-05-07T12:54:54", "AT Persado PT2 Control Group" : "2014-05-07T12:54:54", "AT Persado PT2 Group 1" : "2014-05-07T12:54:54", "Today" : "2014-05-07T12:54:54", "Today Group 2" : "2014-05-07T12:54:54", "Aboutcom Master List" : "2014-05-07T12:54:54.186", "BBH Full" : "2014-05-07T12:54:54", "BBH1" : "2014-08-29T19:46:34", "Breakfast - GP5" : "2014-05-07T12:54:54", "DELETE TEST" : "2014-05-07T12:54:54", "Food Coconuts - GP1" : "2014-05-07T12:54:54", "HE - Group 4" : "2014-05-07T12:54:54", "Health 6" : "2014-05-07T12:54:54", "Health Full" : "2014-05-07T12:54:54", "Health Full 2" : "2014-05-07T12:54:54", "Jess Delta Test" : "2014-05-07T12:54:54", "Jess Delta Test v 2" : "2014-05-07T12:54:54", "Jess delta test" : "2014-05-07T12:54:54", "Jess_Healthy Eating 1120" : "2014-11-20T16:38:53", "List Scrub - 2" : "2014-05-07T12:54:54", "List Scrub - Good Emails" : "2014-12-13T17:53:48", "Summer Reading  - 1" : "2014-05-07T12:54:54", "Summer Reading  - GP1" : "2014-05-07T12:54:54", "Travel - Product Test" : "2014-05-07T12:54:54", "Travel - Product Test 2" : "2014-05-07T12:54:54", "Travel Full List - No additions" : "2014-05-07T12:54:54", "Travel Group 1" : "2014-06-27T11:34:13.196", "Travel Group 2" : "2014-05-07T12:54:54", "Travel Product Test 3a" : "2014-05-07T12:54:54", "entertainment combine" : "2014-05-07T12:54:54", "stSuppressKillerPins040315" : "2015-04-03T17:14:31", "stTestSegment2" : "2014-05-07T12:54:54", "travel export" : "2014-05-07T12:54:54", "AT Persado PT3 - Control" : "2014-05-07T12:54:54", "Staying Active - One Time" : "2014-05-07T12:54:54", "AT Persado PT4 Control" : "2014-05-07T12:54:54", "Food A/B Test" : "2014-05-07T12:54:54", "Organized - Google AT" : "2015-06-25T12:03:21", "Health Recipients - 7/21" : "2015-07-21T10:44:01", "AT 7/23 Non-openers" : "2015-07-23T20:23", "Cat Test - Non openers 724" : "2015-07-24T15:54:18", "AT_ICYMI" : "2014-05-07T12:54:54", "travelpersado" : "2014-05-07T12:54:54", "Travel8/7 Group1" : "2014-05-07T12:54:54", "weightloss_living_healthy 9/29" : "2014-05-07T12:54:54", "ROD10_15" : "2014-05-07T12:54:54", "ENT10_15" : "2014-05-07T12:54:54", "ENT10_15Group1" : "2014-05-07T12:54:54", "Living Healthy Test Group" : "2014-05-07T12:54:54", "12/11 LH Suppresion 1" : "2015-12-10T11:09:15", "12/12 LH Suppresion 1" : "2015-12-11T11:56:04", "Belsomra Full List" : "2014-05-07T12:54:54" }, "signup_time" : "2014-05-07T12:54:54.186", "vars" : { "booksl" : 1, "bookssl" : 1, "eathealthsl" : 1, "eattolive" : "1", "entertainment" : "1", "fitsl" : 1, "fooddrinksl" : 1, "group" : 1, "healthsl" : 1, "list_altmedicine" : 1, "list_alzheimers" : 1, "list_arthritis" : 1, "list_exercise" : 1, "list_running" : 1, "list_seniorhealth" : 1, "list_walking" : 1, "list_weightloss" : 1, "test_group" : 4, "thisweeksl" : 1, "todaysl" : 1, "travegetsl" : 1, "travelgetsl" : 1, "welcome_received" : 1, "calcount" : "1" }, "create_date" : "2014-05-07T12:54:54", "total_opens" : 900, "total_clicks" : 213, "total_unique_opens" : 661, "total_unique_clicks" : 170, "total_pageviews" : 452, "total_messages" : 3958, "last_open" : "2016-04-01T12:06:36", "last_click" : "2016-03-31T07:52:42", "last_pageview" : "2016-03-31T07:52:45", "id" : "536a655ef9c510f432fa65bc" }
{ "browser" : { "Chrome" : 170, "Firefox" : 5, "Android Tablet" : 7, "Windows Tablet" : 3 }, "email" : "<person@email.com>", "geo" : { "city" : { "Richelieu, QC CA" : 49, "Victoriaville, QC CA" : 108, "Wildwood, FL US" : 2, "Tallahassee, FL US" : 1, "Scott, LA US" : 1, "Nashville, TN US" : 3 }, "count" : 169, "country" : { "CA" : 162, "US" : 7 }, "state" : { "QC CA" : 157, "FL US" : 3, "LA US" : 1, "TN US" : 3 }, "zip" : { "G6P CA" : 108, "34785 US" : 2, "32301 US" : 1, "70583 US" : 1, "37243 US" : 3 } }, "lists_signup" : { "AT Persado Group 2" : "2014-05-07T12:54:54", "AT Persado PT2 Control Group" : "2014-05-07T12:54:54", "Today Group 2" : "2014-05-07T12:54:54", "Aboutcom Master List" : "2014-05-07T12:54:54.199", "List Scrub - 1" : "2014-05-07T12:54:54", "List Scrub - Good Emails" : "2014-12-12T21:30:14", "Painting - GP1" : "2014-05-07T12:54:54", "Programming - Full" : "2014-05-07T12:54:54", "Travel - Product Test" : "2014-05-07T12:54:54", "Travel - Product Test 2" : "2014-05-07T12:54:54", "Travel Full List - No additions" : "2014-05-07T12:54:54", "Travel Group 1" : "2014-06-20T14:11:04.523", "Travel Group 2" : "2014-05-07T12:54:54", "Travel Product Test 3a" : "2014-05-07T12:54:54", "stSuppressKillerPins040315" : "2015-04-03T16:55:22", "stTestSegment2" : "2014-05-07T12:54:54", "travel export" : "2014-05-07T12:54:54", "AT Persado PT3 - Control" : "2014-05-07T12:54:54", "Home - One Time" : "2014-05-07T12:54:54", "AT Persado PT4 Control" : "2014-05-07T12:54:54", "Organized - Fridge Snacks AT" : "2015-06-25T11:21:19", "tech_0903" : "2014-05-07T12:54:54", "tech_0903Group4" : "2014-05-07T12:54:54", "ROD10_15" : "2014-05-07T12:54:54" }, "signup_time" : "2014-05-07T12:54:54.199", "vars" : { "computersl" : "1", "electronsl" : 1, "group" : 1, "househomesl" : null, "list_linux" : 1, "programsl" : 1, "test_group" : "", "todaysl" : null, "travegetsl" : 1, "travelgetsl" : null, "welcome_received" : 1, "eattolive" : null, "familysl" : null, "fooddrinksl" : null, "entertainment" : null, "needlesl" : null, "videogamessl" : null, "moneysl" : null, "stylensl" : null, "healthtipsl" : null, "funnyweirduns" : null, "list_sbinformation" : null, "list_social" : null, "list_entrepreneurs" : null, "artcraftsl" : null, "fitsl" : null, "autosl" : null, "calcount" : null, "newssl" : null, "recipeodsl" : null, "espanolsl" : null, "list_seniorhealth" : null }, "optout_reason" : null, "optout_time" : null, "create_date" : "2014-05-07T12:54:54", "total_opens" : 1139, "total_clicks" : 185, "total_unique_opens" : 917, "total_unique_clicks" : 133, "total_pageviews" : 449, "total_messages" : 1643, "last_open" : "2016-04-01T13:51:32", "last_click" : "2016-03-30T16:41:29", "last_pageview" : "2016-03-30T16:41:34", "id" : "536a655ef9c510f432fa65be" }
{ "browser" : { "Android" : 3, "Chrome" : 1, "Other" : 3, "Safari" : 172, "iPad" : 3, "iPhone" : 55, "Firefox" : 3 }, "email" : "<person@email.com>", "geo" : { "city" : { "Cape Town, 11 ZA" : 4, "Irvine, CA US" : 191, "Lancaster, CA US" : 1, "Madrid, 29 ES" : 1, "Menlo Park, CA US" : 1, "Tustin, CA US" : 40 }, "count" : 238, "country" : { "ES" : 1, "US" : 233, "ZA" : 4 }, "state" : { "11 ZA" : 4, "29 ES" : 1, "CA US" : 233 }, "zip" : { "28013 ES" : 1, "7100 ZA" : 1, "7945 ZA" : 2, "8060 ZA" : 1, "92602 US" : 148, "92620 US" : 43, "92780 US" : 12, "92782 US" : 28, "94025 US" : 1 } }, "lists_signup" : { "AT Persado Control Group" : "2014-05-07T12:54:54", "AT Persado PT2 Control Group" : "2014-05-07T12:54:54", "Today Group 2" : "2014-05-07T12:54:54", "Aboutcom Master List" : "2014-05-07T12:54:54.239", "List Scrub - 1" : "2014-05-07T12:54:54", "List Scrub - Suspect Emails" : "2014-12-13T23:02:35", "Travel - Product Test 2" : "2014-05-07T12:54:54", "Travel Full List - No additions" : "2014-05-07T12:54:54", "Travel Group 1" : "2014-06-27T11:34:31.930", "Travel Group 2" : "2014-06-13T15:47:46.371", "Travel Product Test 3a" : "2014-05-07T12:54:54", "jess delta test" : "2014-05-07T12:54:54", "stSuppressKillerPins040315" : "2015-04-03T16:47:08", "stTestSegment1" : "2014-06-13T16:28:32.333", "travel export" : "2014-05-07T12:54:54", "AT Persado PT3 - Control" : "2014-05-07T12:54:54", "AT Persado PT4 Control" : "2014-05-07T12:54:54", "Organized - Fridge Snacks AT" : "2015-06-25T12:44:52", "Cat Test - Non openers 724" : "2015-07-24T16:03:19", "AT_ICYMI" : "2014-05-07T12:54:54", "travelpersado" : "2014-05-07T12:54:54", "Travel8/7 Group1" : "2014-05-07T12:54:54", "ROD10_15" : "2014-05-07T12:54:54" }, "signup_time" : "2014-05-07T12:54:54.239", "vars" : { "group" : 9, "test_group" : "", "todaysl" : null, "travegetsl" : 1, "travelgetsl" : "1", "welcome_received" : 1, "healthsl" : null, "househomesl" : null, "familysl" : null, "fooddrinksl" : null, "booksl" : null, "needlesl" : null, "videogamessl" : null, "musicsl" : null, "moneysl" : null, "electronsl" : null, "programsl" : null, "artcraftsl" : null, "fitsl" : null, "autosl" : null, "computersl" : null, "teenlifesl" : null, "calcount" : null }, "optout_reason" : null, "optout_time" : null, "create_date" : "2014-05-07T12:54:54", "total_opens" : 1449, "total_clicks" : 240, "total_unique_opens" : 587, "total_unique_clicks" : 166, "total_pageviews" : 334, "total_messages" : 889, "last_open" : "2016-03-31T17:10:22", "last_click" : "2016-02-15T17:28:37", "last_pageview" : "2016-02-15T18:43:53", "id" : "536a655ef9c510f432fa65c4" }
{ "browser" : { "Firefox" : 106 }, "email" : "<person@email.com>", "geo" : { "city" : { "Grand Prairie, TX US" : 4, "Killeen, TX US" : 65, "Stephenville, TX US" : 28, "Buffalo, TX US" : 1 }, "count" : 98, "country" : { "US" : 98 }, "state" : { "TX US" : 98 }, "zip" : { "76542 US" : 17, "76549 US" : 32, "76401 US" : 27, "75831 US" : 1 } }, "lists_signup" : { "AT Persado Control Group" : "2014-05-07T12:54:54", "AT Persado PT2 Group 1" : "2014-05-07T12:54:54", "Today Group 2" : "2014-05-07T12:54:54", "Aboutcom Master List" : "2014-05-07T12:54:54.277", "Autos Suppression" : "2014-08-13T10:48:30.176", "HE - Group 2" : "2014-05-07T12:54:54", "Jess_Healthy Eating 1120" : "2014-11-20T16:30:35", "List Scrub - 10" : "2014-05-07T12:54:54", "List Scrub - Good Emails" : "2014-12-19T18:01:51", "Travel Full List - No additions" : "2014-05-07T12:54:54", "Travel Group 1" : "2014-06-13T15:59:24.132", "Travel Group 2" : "2014-05-07T12:54:54", "Travel Product Test 3a" : "2014-05-07T12:54:54", "stSuppressKillerPins040315" : "2015-04-03T17:13:58", "stTestSegment2" : "2014-05-07T12:54:54", "travel export" : "2014-05-07T12:54:54", "AT Persado PT3 - Control" : "2014-05-07T12:54:54", "AT Persado PT4 Control" : "2014-05-07T12:54:54", "Organized - Google AT" : "2015-06-25T11:54:23", "AT 7/23 Non-openers" : "2015-07-23T20:13:46", "Cat Test - Non openers 724" : "2015-07-24T15:52:23", "AT_ICYMI" : "2014-05-07T12:54:54", "travelpersado" : "2014-05-07T12:54:54", "Travel8/7 Group4" : "2014-05-07T12:54:54", "ROD10_15" : "2014-05-07T12:54:54", "Today Creative Test 2" : "2014-05-07T12:54:54", "Today Creative Test D" : "2014-05-07T12:54:54" }, "signup_time" : "2014-05-07T12:54:54.277", "vars" : { "autosl" : 1, "eathealthsl" : 1, "eattolive" : "1", "group" : 9, "list_budgettravel" : 1, "list_cruises" : 1, "list_financialplan" : 1, "list_gomexico" : 1, "list_gotexas" : 1, "list_moneyover55" : 1, "list_retireplan" : 1, "list_seniorliving" : 1, "list_trucks" : 1, "moneysl" : "1", "test_group" : 2, "todaysl" : 1, "travegetsl" : 1, "travelgetsl" : 1, "welcome_received" : 1 }, "create_date" : "2014-05-07T12:54:54", "total_opens" : 1972, "total_clicks" : 106, "total_unique_opens" : 1863, "total_unique_clicks" : 87, "total_pageviews" : 126, "total_messages" : 2450, "last_open" : "2016-03-31T23:57:19", "last_click" : "2016-03-31T23:49:58", "last_pageview" : "2016-03-31T23:50:12", "id" : "536a655ef9c510f432fa65ca" }
{ "browser" : { "Android" : 37, "Internet Explorer" : 84, "Other" : 82, "Android Tablet" : 7, "Chrome" : 61, "Firefox" : 1, "iPad" : 1, "Windows Tablet" : 1 }, "email" : "<person@email.com>", "geo" : { "city" : { "Barrie, ON CA" : 233, "Mississauga, ON CA" : 2, "North York, ON CA" : 4, "Toronto, ON CA" : 12, "Sudbury, ON CA" : 2, "Hanmer, ON CA" : 2, "Port Isabel, TX US" : 4, "Scarborough, ON CA" : 2, "Fort Erie, ON CA" : 1, "Ottawa, ON CA" : 1 }, "count" : 265, "country" : { "CA" : 261, "US" : 4 }, "state" : { "ON CA" : 259, "TX US" : 4 }, "zip" : { "L4M CA" : 180, "L4N CA" : 53, "P3A CA" : 2, "P3P CA" : 2, "78578 US" : 4, "M1B CA" : 2, "L2A CA" : 1, "K1Z CA" : 1 } }, "lists_signup" : { "AT Optin" : "2014-09-29T12:24:31", "AT Persado Control Group" : "2014-05-07T12:54:54", "AT Persado PT2 Control Group" : "2014-05-07T12:54:54", "Today" : "2014-05-07T12:54:54", "Today Group 1" : "2014-07-03T09:21:52.037", "Today Group 1a" : "2014-07-02T09:22:30.818", "Today Group 2" : "2014-05-07T12:54:54", "Today Group 2a" : "2014-05-07T12:54:54", "Aboutcom Master List" : "2014-05-07T12:54:54.301", "BBH Full" : "2014-05-07T12:54:54", "BBH1" : "2014-08-29T20:14:49", "Breakfast - GP8" : "2014-05-07T12:54:54", "Food Coconuts - GP1" : "2014-05-07T12:54:54", "HE - Group 4" : "2014-05-07T12:54:54", "Health 6" : "2014-05-07T12:54:54", "Health Full" : "2014-05-07T12:54:54", "Health Full 2" : "2014-05-07T12:54:54", "Jess Delta Test" : "2014-05-07T12:54:54", "Jess Delta Test v 2" : "2014-05-07T12:54:54", "Jess delta test" : "2014-05-07T12:54:54", "Jess_Healthy Eating 1120" : "2014-11-20T16:17:29", "List Scrub - 11" : "2014-05-07T12:54:54", "List Scrub - Good Emails" : "2014-12-21T15:18:53", "Painting - GP2" : "2014-05-07T12:54:54", "Travel Full List - No additions" : "2014-05-07T12:54:54", "Travel Group 1" : "2014-06-27T11:34:35.396", "stSuppressKillerPins040315" : "2015-04-03T16:38:37", "stTestSegment1" : "2014-06-13T16:28:35.054", "travel export" : "2014-05-07T12:54:54", "AT Persado PT3 - Control" : "2014-05-07T12:54:54", "Staying Active - One Time" : "2014-05-07T12:54:54", "Home - One Time" : "2014-05-07T12:54:54", "AT Persado PT4 Control" : "2014-05-07T12:54:54", "Food A/B Control" : "2014-05-07T12:54:54", "Organized - Google AT" : "2015-06-25T12:53:53", "Health Recipients - 7/21" : "2015-07-21T10:58:22", "AT 7/23 Non-openers" : "2015-07-23T21:09:34", "AT_ICYMI" : "2014-05-07T12:54:54", "travelpersado" : "2014-05-07T12:54:54", "Travel8/7 Group2" : "2014-05-07T12:54:54", "Net Promoter - 08172015" : "2014-05-07T12:54:54", "tech_0903" : "2014-05-07T12:54:54", "tech_0903Group2" : "2014-05-07T12:54:54", "homepin9_25" : "2014-05-07T12:54:54", "homepin9_25(Group2)" : "2014-05-07T12:54:54", "Forum Remainder" : "2014-05-07T12:54:54", "ROD10_15" : "2014-05-07T12:54:54", "Persado - Beauty 3" : "2014-05-07T12:54:54", "Health TOD Test Group" : "2014-05-07T12:54:54", "Health NPS List 3" : "2014-05-07T12:54:54", "Food Addition One Time Mailing" : "2014-05-07T12:54:54", "Today Creative Test 3" : "2014-05-07T12:54:54", "One Time Arts & Crafts Email Notification" : "2014-05-07T12:54:54", "One Time Gardening Email Notification" : "2014-05-07T12:54:54", "Belsomra Full List" : "2014-05-07T12:54:54", "Gardening Channel Newsletter" : "2016-03-24T11:03:56", "One Time Gardening Channel Newsletter" : "2016-03-24T12:03:21" }, "optout_reason" : null, "optout_time" : null, "signup_time" : "2014-05-07T12:54:54.301", "vars" : { "artcraftsl" : "1", "computersl" : 1, "eathealthsl" : 1, "eattolive" : "1", "fitsl" : "1", "fooddrinksl" : "1", "group" : 2, "healthsl" : "1", "househomesl" : 1, "list_antivirus" : 1, "list_baking" : 1, "list_bandb" : 1, "list_beauty" : 1, "list_boardgames" : 1, "list_budgettravel" : 1, "list_cameras" : 1, "list_compnetworking" : 1, "list_cruises" : 1, "list_desktopvideo" : 1, "list_diabetes" : 1, "list_drawsketch" : 1, "list_gardening" : 1, "list_goeurope" : 1, "list_homecooking" : 1, "list_interiordec" : 1, "list_italianfood" : 1, "list_jewelrymaking" : 1, "list_lowfatcooking" : 1, "list_netsecurity" : 1, "list_painting" : 1, "list_portables" : 1, "list_southernfood" : 1, "list_stress" : 1, "test_group" : 4, "todaysl" : 1, "travegetsl" : 1, "travelgetsl" : 1, "welcome_received" : 1, "calcount" : "1", "healthtipsl" : "1", "source" : "weightloss", "specialtyd" : "1", "internationalc" : "1", "artscraftsl" : "1", "gardeningsl" : "1" }, "create_date" : "2014-05-07T12:54:54", "total_opens" : 391, "total_clicks" : 274, "total_unique_opens" : 339, "total_unique_clicks" : 221, "total_pageviews" : 485, "total_messages" : 5271, "last_open" : "2016-04-01T13:16:58", "last_click" : "2016-04-01T13:17:28", "last_pageview" : "2016-04-01T14:11:28", "id" : "536a655ef9c510f432fa65ce" }
{ "browser" : { "Chrome" : 47, "Other" : 2, "Internet Explorer" : 10, "iPhone" : 3 }, "email" : "<person@email.com>", "geo" : { "city" : { "Moline, IL US" : 43, "Rock Island, IL US" : 12, "Madison, WI US" : 2, "Loves Park, IL US" : 2 }, "count" : 59, "country" : { "US" : 59 }, "state" : { "IL US" : 57, "WI US" : 2 }, "zip" : { "61201 US" : 12, "61265 US" : 43, "53717 US" : 2, "61111 US" : 2 } }, "lists_signup" : { "AT Persado Control Group" : "2014-05-07T12:54:54", "AT Persado PT2 Control Group" : "2014-05-07T12:54:54", "Today Group 2" : "2014-05-07T12:54:54", "Aboutcom Master List" : "2014-05-07T12:54:54.312", "DELETE TEST" : "2014-05-07T12:54:54", "Food Coconuts - GP4" : "2014-05-07T12:54:54", "List Scrub - 4" : "2014-05-07T12:54:54", "List Scrub - Good Emails" : "2014-12-14T01:52:55", "Music Group 3" : "2014-05-07T12:54:54", "Music S List" : "2014-08-07T15:25:26.830", "Music Suppression List" : "2014-08-07T14:03:43.098", "Summer Reading  - GP1" : "2014-05-07T12:54:54", "Summer Reading  - GP2" : "2014-05-07T12:54:54", "Travel Full List - No additions" : "2014-05-07T12:54:54", "Travel Group 1" : "2014-06-13T16:11:07.146", "Travel Group 2" : "2014-05-07T12:54:54", "Travel Product Test 3a" : "2014-05-07T12:54:54", "entertainment combine" : "2014-05-07T12:54:54", "stSuppressKillerPins040315" : "2015-04-03T16:53:42", "stTestSegment1" : "2014-06-13T16:28:33.914", "travel export" : "2014-05-07T12:54:54", "AT Persado PT3 - Control" : "2014-05-07T12:54:54", "AT Persado PT4 Control" : "2014-05-07T12:54:54", "Food A/B Test" : "2014-05-07T12:54:54", "Organized - Fridge Snacks AT" : "2015-06-25T10:53:40", "AT_ICYMI" : "2014-05-07T12:54:54", "travelpersado" : "2014-05-07T12:54:54", "Travel8/7 Group4" : "2014-05-07T12:54:54", "ROD10_15" : "2014-05-07T12:54:54", "ENT10_15" : "2014-05-07T12:54:54", "ENT10_15Group4" : "2014-05-07T12:54:54", "Food Addition One Time Mailing" : "2014-05-07T12:54:54", "Today Creative Test 3" : "2014-05-07T12:54:54", "Today Creative Test D" : "2014-05-07T12:54:54" }, "signup_time" : "2014-05-07T12:54:54.312", "vars" : { "booksl" : 1, "bookssl" : 1, "entertainment" : "1", "fooddrinksl" : "1", "group" : 3, "list_chinesefood" : 1, "list_movies" : 1, "list_southernfood" : 1, "musicsl" : 1, "test_group" : "", "todaysl" : 1, "travegetsl" : 1, "travelgetsl" : 1, "welcome_received" : 1 }, "create_date" : "2014-05-07T12:54:54", "total_opens" : 1711, "total_clicks" : 62, "total_unique_opens" : 1603, "total_unique_clicks" : 56, "total_pageviews" : 125, "total_messages" : 2071, "last_open" : "2016-04-01T12:14:23", "last_click" : "2016-03-18T15:35:41", "last_pageview" : "2016-03-31T12:44:36", "id" : "536a655ef9c510f432fa65d0" }
{ "browser" : { "iPhone" : 10 }, "email" : "<person@email.com>", "geo" : { "city" : { "Los Angeles, CA US" : 7, "Riverside, CA US" : 2, "Hialeah, FL US" : 1 }, "count" : 10, "country" : { "US" : 10 }, "state" : { "CA US" : 9, "FL US" : 1 }, "zip" : { "90066 US" : 7, "33012 US" : 1 } }, "lists_signup" : { "AT Optin" : "2014-09-29T11:44:29", "AT Persado Control Group" : "2014-05-07T12:54:54", "AT Persado PT2 Control Group" : "2014-05-07T12:54:54", "Today" : "2014-05-07T12:54:54", "Today Group 1" : "2014-07-01T11:22:13.483", "Today Group 1a" : "2014-07-02T09:22:51.998", "Today Group 2" : "2014-05-07T12:54:54", "Aboutcom Master List" : "2014-05-07T12:54:54.336", "Jess Delta Test" : "2014-05-07T12:54:54", "Jess Delta Test v 2" : "2014-05-07T12:54:54", "Jess delta test" : "2014-05-07T12:54:54", "List Scrub - 3" : "2014-05-07T12:54:54", "List Scrub - Good Emails" : "2014-12-13T22:36:34", "Travel Full List - No additions" : "2014-05-07T12:54:54", "Travel Group 1" : "2014-06-20T14:09:50.478", "Travel Group 2" : "2014-05-07T12:54:54", "Travel Product Test 3a" : "2014-05-07T12:54:54", "stSuppressKillerPins040315" : "2015-04-03T16:53:56", "stTestSegment2" : "2014-05-07T12:54:54", "travel export" : "2014-05-07T12:54:54", "AT Persado PT3 - Control" : "2014-05-07T12:54:54", "AT Persado PT4 Control" : "2014-05-07T12:54:54", "Organized - Fridge Snacks AT" : "2015-06-25T09:51:43", "AT_ICYMI" : "2014-05-07T12:54:54", "travelpersado" : "2014-05-07T12:54:54", "Travel8/7 Group4" : "2014-05-07T12:54:54", "tech_0903" : "2014-05-07T12:54:54", "tech_0903Group4" : "2014-05-07T12:54:54", "Forum Remainder" : "2014-05-07T12:54:54", "ROD10_15" : "2014-05-07T12:54:54", "Today - Test Group" : "2014-05-07T12:54:54" }, "optout_reason" : null, "optout_time" : null, "signup_time" : "2014-05-07T12:54:54.336", "vars" : { "computersl" : 1, "group" : 9, "list_pittsburgh" : 1, "test_group" : "", "todaysl" : 1, "travegetsl" : 1, "travelgetsl" : 1, "welcome_received" : 1 }, "create_date" : "2014-05-07T12:54:54", "total_opens" : 871, "total_clicks" : 10, "total_unique_opens" : 852, "total_unique_clicks" : 9, "total_pageviews" : 25, "total_messages" : 1752, "last_open" : "2016-04-01T11:21:47", "last_click" : "2016-02-27T11:20:09", "last_pageview" : "2016-02-27T11:20:21", "id" : "536a655ef9c510f432fa65d4" }
{ "browser" : { "Firefox" : 30 }, "email" : "<person@email.com>", "geo" : { "city" : { "Surrey, BC CA" : 29 }, "count" : 29, "country" : { "CA" : 29 }, "state" : { "BC CA" : 29 }, "zip" : { "V3W CA" : 26, "V3X CA" : 3 } }, "lists_signup" : { "A&C Sent Yesterday" : "2014-08-01T14:49:24.872", "AT Optin" : "2014-09-29T11:46:21", "AT Persado Control Group" : "2014-05-07T12:54:54", "AT Persado PT2 Group 2" : "2014-05-07T12:54:54", "Today" : "2014-05-07T12:54:54", "Today Group 1" : "2014-07-02T07:12:30.254", "Today Group 1a" : "2014-07-02T09:18:42.837", "Today Group 2" : "2014-05-07T12:54:54", "Today Group 2a" : "2014-05-07T12:54:54", "Aboutcom Master List" : "2014-05-07T12:54:54.349", "BBH Full" : "2014-05-07T12:54:54", "BBH1" : "2014-08-29T20:48:53", "Bad Habits 1" : "2014-08-29T16:36:12", "Breakfast - GP1" : "2014-05-07T12:54:54", "DELETE TEST" : "2014-05-07T12:54:54", "Food Coconuts - GP2" : "2014-05-07T12:54:54", "Health 6" : "2014-05-07T12:54:54", "Health Full" : "2014-05-07T12:54:54", "Health Full 2" : "2014-05-07T12:54:54", "Jess Delta Test" : "2014-05-07T12:54:54", "Jess Delta Test v 2" : "2014-05-07T12:54:54", "Jess delta test" : "2014-05-07T12:54:54", "List Scrub - 5" : "2014-05-07T12:54:54", "List Scrub - Good Emails" : "2014-12-14T09:10:55", "Music Group 1" : "2014-05-07T12:54:54", "Music S List" : "2014-08-07T15:30:51.479", "Music Suppression List" : "2014-08-07T14:10:30.353", "Painting - GP1" : "2014-05-07T12:54:54", "Summer Reading  - GP1" : "2014-05-07T12:54:54", "Summer Reading  - GP2" : "2014-05-07T12:54:54", "Travel - New Add-ins" : "2014-05-07T12:54:54", "Travel - Product Test" : "2014-05-07T12:54:54", "Travel - Product Test 2" : "2014-05-07T12:54:54", "Travel Full List - No additions" : "2014-05-07T12:54:54", "Travel Group 1" : "2014-06-27T11:35:22.953", "Travel Group 2" : "2014-06-13T15:47:55.020", "Travel Product Test 3a" : "2014-05-07T12:54:54", "entertainment combine" : "2014-05-07T12:54:54", "stSuppressKillerPins040315" : "2015-04-03T16:21:31", "stTestSegment1" : "2014-06-13T16:28:38.143", "travel export" : "2014-05-07T12:54:54", "AT Persado PT3 - Control" : "2014-05-07T12:54:54", "Home - One Time" : "2014-05-07T12:54:54", "AT Persado PT4 Control" : "2014-05-07T12:54:54", "Food A/B Control" : "2014-05-07T12:54:54", "Organized - Fridge Snacks AT" : "2015-06-25T12:58:30", "Health Recipients - 7/21" : "2015-07-21T10:53:31", "AT 7/23 Non-openers" : "2015-07-23T21:12:46", "Cat Test - Non openers 724" : "2015-07-24T16:07:39", "AT_ICYMI" : "2014-05-07T12:54:54", "travelpersado" : "2014-05-07T12:54:54", "Travel8/7 Group2" : "2014-05-07T12:54:54", "tech_0903" : "2014-05-07T12:54:54", "tech_0903Group2" : "2014-05-07T12:54:54", "homepin9_25" : "2014-05-07T12:54:54", "homepin9_25(Group2)" : "2014-05-07T12:54:54", "Forum Remainder" : "2014-05-07T12:54:54", "ROD10_15" : "2014-05-07T12:54:54", "ENT10_15" : "2014-05-07T12:54:54", "ENT10_15Group4" : "2014-05-07T12:54:54", "Today - Test Group" : "2014-05-07T12:54:54", "Health NPS List 3" : "2014-05-07T12:54:54", "Today - Test Group Old" : "2016-03-07T10:03:13", "One Time Home Newsletter Intro" : "2014-05-07T12:54:54", "Belsomra Full List" : "2014-05-07T12:54:54", "Today Creative Test D" : "2014-05-07T12:54:54" }, "optout_reason" : null, "optout_time" : null, "signup_time" : "2014-05-07T12:54:54.349", "vars" : { "Vacation_Homes" : "", "adventuretravel" : "", "artcraftsl" : 1, "booksl" : 1, "bookssl" : 1, "chicago" : "", "columbusoh" : "", "computersl" : 1, "culinarytravel" : "", "elpaso" : "", "entertainment" : "1", "fooddrinksl" : 1, "goaustralia" : "", "godc" : "", "goisrael" : "", "gomiami" : "", "gomontreal" : "", "gosanfrancisco" : "", "gosw" : "", "gothailand" : "", "govancouver" : "", "group" : 1, "healthsl" : 1, "honolulu" : "", "househomesl" : "1", "hunstville" : "", "jacksonville" : "", "list_canadaonline" : 1, "list_entertaining" : 1, "list_gocanada" : 1, "list_gonewengland" : 1, "list_honeymoons" : 1, "list_hotels" : 1, "list_italianfood" : 1, "list_landscaping" : 1, "list_movies" : 1, "list_mp3" : 1, "list_seattle" : 1, "list_usparks" : 1, "list_vetmedicine" : 1, "list_websearch" : 1, "losangeles" : "", "milwaukee" : "", "minneapolis" : "", "musicsl" : 1, "needlesl" : 1, "neworleans" : "", "newzealand" : "", "oakland" : "", "orangecounty" : "", "petsl" : 1, "raleighdurham" : "", "sanantonio" : "", "santarosa" : "", "test_group" : "", "thisweeksl" : 1, "todaysl" : 1, "topic" : "US Parks", "toronto" : "", "travegetsl" : 1, "travel_new" : 1, "travelgetsl" : 1, "usparks" : 1, "welcome_received" : 1, "internationalc" : "1" }, "create_date" : "2014-05-07T12:54:54", "total_opens" : 1402, "total_clicks" : 30, "total_unique_opens" : 1265, "total_unique_clicks" : 22, "total_pageviews" : 74, "total_messages" : 4820, "last_open" : "2016-04-01T10:39:51", "last_click" : "2016-03-25T14:41:50", "last_pageview" : "2016-03-25T14:42:01", "id" : "536a655ef9c510f432fa65d6" }

